set,iteration,row_id
train,1,2
train,1,3
train,1,7
train,1,10
train,1,13
train,1,14
train,1,16
train,1,17
train,1,18
train,1,20
train,1,22
train,1,41
train,1,48
train,1,58
train,1,59
train,1,62
train,1,67
train,1,71
train,1,77
train,1,80
train,1,83
train,1,87
train,1,88
train,1,98
train,1,107
train,1,127
train,1,138
train,1,142
train,1,146
train,1,148
train,1,152
train,1,159
train,1,165
train,1,176
train,1,185
train,1,190
train,1,21
train,1,29
train,1,42
train,1,44
train,1,54
train,1,57
train,1,66
train,1,75
train,1,82
train,1,89
train,1,92
train,1,96
train,1,113
train,1,118
train,1,119
train,1,120
train,1,121
train,1,126
train,1,132
train,1,144
train,1,147
train,1,161
train,1,162
train,1,164
train,1,177
train,1,182
train,1,184
train,1,1
train,1,6
train,1,25
train,1,26
train,1,27
train,1,28
train,1,32
train,1,40
train,1,43
train,1,45
train,1,46
train,1,47
train,1,52
train,1,55
train,1,65
train,1,70
train,1,73
train,1,74
train,1,78
train,1,81
train,1,91
train,1,99
train,1,100
train,1,101
train,1,102
train,1,104
train,1,111
train,1,124
train,1,133
train,1,139
train,1,150
train,1,156
train,1,158
train,1,168
train,1,179
train,1,181
train,1,11
train,1,30
train,1,50
train,1,51
train,1,56
train,1,60
train,1,68
train,1,69
train,1,97
train,1,103
train,1,106
train,1,112
train,1,128
train,1,136
train,1,137
train,1,140
train,1,141
train,1,143
train,1,145
train,1,151
train,1,154
train,1,155
train,1,163
train,1,167
train,1,169
train,1,188
train,1,189
train,2,5
train,2,12
train,2,15
train,2,19
train,2,24
train,2,31
train,2,34
train,2,35
train,2,38
train,2,39
train,2,49
train,2,53
train,2,61
train,2,63
train,2,84
train,2,85
train,2,86
train,2,90
train,2,93
train,2,109
train,2,110
train,2,116
train,2,117
train,2,123
train,2,130
train,2,134
train,2,135
train,2,149
train,2,153
train,2,157
train,2,170
train,2,171
train,2,178
train,2,180
train,2,183
train,2,186
train,2,187
train,2,4
train,2,8
train,2,9
train,2,23
train,2,33
train,2,36
train,2,37
train,2,64
train,2,72
train,2,76
train,2,79
train,2,94
train,2,95
train,2,105
train,2,108
train,2,114
train,2,115
train,2,122
train,2,125
train,2,129
train,2,131
train,2,160
train,2,166
train,2,172
train,2,173
train,2,174
train,2,175
train,2,1
train,2,6
train,2,25
train,2,26
train,2,27
train,2,28
train,2,32
train,2,40
train,2,43
train,2,45
train,2,46
train,2,47
train,2,52
train,2,55
train,2,65
train,2,70
train,2,73
train,2,74
train,2,78
train,2,81
train,2,91
train,2,99
train,2,100
train,2,101
train,2,102
train,2,104
train,2,111
train,2,124
train,2,133
train,2,139
train,2,150
train,2,156
train,2,158
train,2,168
train,2,179
train,2,181
train,2,11
train,2,30
train,2,50
train,2,51
train,2,56
train,2,60
train,2,68
train,2,69
train,2,97
train,2,103
train,2,106
train,2,112
train,2,128
train,2,136
train,2,137
train,2,140
train,2,141
train,2,143
train,2,145
train,2,151
train,2,154
train,2,155
train,2,163
train,2,167
train,2,169
train,2,188
train,2,189
train,3,5
train,3,12
train,3,15
train,3,19
train,3,24
train,3,31
train,3,34
train,3,35
train,3,38
train,3,39
train,3,49
train,3,53
train,3,61
train,3,63
train,3,84
train,3,85
train,3,86
train,3,90
train,3,93
train,3,109
train,3,110
train,3,116
train,3,117
train,3,123
train,3,130
train,3,134
train,3,135
train,3,149
train,3,153
train,3,157
train,3,170
train,3,171
train,3,178
train,3,180
train,3,183
train,3,186
train,3,187
train,3,4
train,3,8
train,3,9
train,3,23
train,3,33
train,3,36
train,3,37
train,3,64
train,3,72
train,3,76
train,3,79
train,3,94
train,3,95
train,3,105
train,3,108
train,3,114
train,3,115
train,3,122
train,3,125
train,3,129
train,3,131
train,3,160
train,3,166
train,3,172
train,3,173
train,3,174
train,3,175
train,3,2
train,3,3
train,3,7
train,3,10
train,3,13
train,3,14
train,3,16
train,3,17
train,3,18
train,3,20
train,3,22
train,3,41
train,3,48
train,3,58
train,3,59
train,3,62
train,3,67
train,3,71
train,3,77
train,3,80
train,3,83
train,3,87
train,3,88
train,3,98
train,3,107
train,3,127
train,3,138
train,3,142
train,3,146
train,3,148
train,3,152
train,3,159
train,3,165
train,3,176
train,3,185
train,3,190
train,3,21
train,3,29
train,3,42
train,3,44
train,3,54
train,3,57
train,3,66
train,3,75
train,3,82
train,3,89
train,3,92
train,3,96
train,3,113
train,3,118
train,3,119
train,3,120
train,3,121
train,3,126
train,3,132
train,3,144
train,3,147
train,3,161
train,3,162
train,3,164
train,3,177
train,3,182
train,3,184
train,4,1
train,4,13
train,4,19
train,4,25
train,4,26
train,4,27
train,4,32
train,4,34
train,4,43
train,4,53
train,4,59
train,4,65
train,4,77
train,4,83
train,4,84
train,4,85
train,4,87
train,4,93
train,4,99
train,4,102
train,4,104
train,4,117
train,4,124
train,4,127
train,4,130
train,4,146
train,4,148
train,4,150
train,4,158
train,4,170
train,4,176
train,4,178
train,4,179
train,4,183
train,4,187
train,4,190
train,4,11
train,4,21
train,4,29
train,4,36
train,4,44
train,4,51
train,4,54
train,4,56
train,4,64
train,4,69
train,4,72
train,4,79
train,4,92
train,4,94
train,4,105
train,4,115
train,4,118
train,4,120
train,4,140
train,4,141
train,4,147
train,4,163
train,4,173
train,4,177
train,4,182
train,4,184
train,4,189
train,4,5
train,4,10
train,4,12
train,4,15
train,4,20
train,4,24
train,4,28
train,4,38
train,4,39
train,4,46
train,4,47
train,4,48
train,4,55
train,4,61
train,4,62
train,4,63
train,4,70
train,4,71
train,4,73
train,4,78
train,4,80
train,4,86
train,4,91
train,4,98
train,4,107
train,4,110
train,4,116
train,4,133
train,4,138
train,4,149
train,4,153
train,4,157
train,4,168
train,4,171
train,4,181
train,4,185
train,4,8
train,4,23
train,4,30
train,4,33
train,4,42
train,4,57
train,4,60
train,4,68
train,4,76
train,4,89
train,4,96
train,4,103
train,4,106
train,4,108
train,4,114
train,4,122
train,4,125
train,4,126
train,4,129
train,4,132
train,4,143
train,4,145
train,4,151
train,4,160
train,4,166
train,4,167
train,4,169
train,5,2
train,5,3
train,5,6
train,5,7
train,5,14
train,5,16
train,5,17
train,5,18
train,5,22
train,5,31
train,5,35
train,5,40
train,5,41
train,5,45
train,5,49
train,5,52
train,5,58
train,5,67
train,5,74
train,5,81
train,5,88
train,5,90
train,5,100
train,5,101
train,5,109
train,5,111
train,5,123
train,5,134
train,5,135
train,5,139
train,5,142
train,5,152
train,5,156
train,5,159
train,5,165
train,5,180
train,5,186
train,5,4
train,5,9
train,5,37
train,5,50
train,5,66
train,5,75
train,5,82
train,5,95
train,5,97
train,5,112
train,5,113
train,5,119
train,5,121
train,5,128
train,5,131
train,5,136
train,5,137
train,5,144
train,5,154
train,5,155
train,5,161
train,5,162
train,5,164
train,5,172
train,5,174
train,5,175
train,5,188
train,5,5
train,5,10
train,5,12
train,5,15
train,5,20
train,5,24
train,5,28
train,5,38
train,5,39
train,5,46
train,5,47
train,5,48
train,5,55
train,5,61
train,5,62
train,5,63
train,5,70
train,5,71
train,5,73
train,5,78
train,5,80
train,5,86
train,5,91
train,5,98
train,5,107
train,5,110
train,5,116
train,5,133
train,5,138
train,5,149
train,5,153
train,5,157
train,5,168
train,5,171
train,5,181
train,5,185
train,5,8
train,5,23
train,5,30
train,5,33
train,5,42
train,5,57
train,5,60
train,5,68
train,5,76
train,5,89
train,5,96
train,5,103
train,5,106
train,5,108
train,5,114
train,5,122
train,5,125
train,5,126
train,5,129
train,5,132
train,5,143
train,5,145
train,5,151
train,5,160
train,5,166
train,5,167
train,5,169
train,6,2
train,6,3
train,6,6
train,6,7
train,6,14
train,6,16
train,6,17
train,6,18
train,6,22
train,6,31
train,6,35
train,6,40
train,6,41
train,6,45
train,6,49
train,6,52
train,6,58
train,6,67
train,6,74
train,6,81
train,6,88
train,6,90
train,6,100
train,6,101
train,6,109
train,6,111
train,6,123
train,6,134
train,6,135
train,6,139
train,6,142
train,6,152
train,6,156
train,6,159
train,6,165
train,6,180
train,6,186
train,6,4
train,6,9
train,6,37
train,6,50
train,6,66
train,6,75
train,6,82
train,6,95
train,6,97
train,6,112
train,6,113
train,6,119
train,6,121
train,6,128
train,6,131
train,6,136
train,6,137
train,6,144
train,6,154
train,6,155
train,6,161
train,6,162
train,6,164
train,6,172
train,6,174
train,6,175
train,6,188
train,6,1
train,6,13
train,6,19
train,6,25
train,6,26
train,6,27
train,6,32
train,6,34
train,6,43
train,6,53
train,6,59
train,6,65
train,6,77
train,6,83
train,6,84
train,6,85
train,6,87
train,6,93
train,6,99
train,6,102
train,6,104
train,6,117
train,6,124
train,6,127
train,6,130
train,6,146
train,6,148
train,6,150
train,6,158
train,6,170
train,6,176
train,6,178
train,6,179
train,6,183
train,6,187
train,6,190
train,6,11
train,6,21
train,6,29
train,6,36
train,6,44
train,6,51
train,6,54
train,6,56
train,6,64
train,6,69
train,6,72
train,6,79
train,6,92
train,6,94
train,6,105
train,6,115
train,6,118
train,6,120
train,6,140
train,6,141
train,6,147
train,6,163
train,6,173
train,6,177
train,6,182
train,6,184
train,6,189
train,7,2
train,7,7
train,7,10
train,7,12
train,7,14
train,7,15
train,7,22
train,7,26
train,7,27
train,7,28
train,7,34
train,7,41
train,7,46
train,7,48
train,7,49
train,7,53
train,7,61
train,7,70
train,7,71
train,7,74
train,7,77
train,7,81
train,7,83
train,7,86
train,7,91
train,7,93
train,7,98
train,7,111
train,7,124
train,7,127
train,7,135
train,7,156
train,7,171
train,7,176
train,7,178
train,7,185
train,7,36
train,7,37
train,7,72
train,7,75
train,7,76
train,7,79
train,7,96
train,7,106
train,7,113
train,7,114
train,7,120
train,7,126
train,7,128
train,7,131
train,7,132
train,7,140
train,7,144
train,7,147
train,7,154
train,7,155
train,7,160
train,7,162
train,7,169
train,7,175
train,7,177
train,7,184
train,7,188
train,7,1
train,7,3
train,7,6
train,7,13
train,7,16
train,7,17
train,7,31
train,7,35
train,7,38
train,7,40
train,7,43
train,7,47
train,7,52
train,7,55
train,7,59
train,7,63
train,7,73
train,7,85
train,7,87
train,7,88
train,7,100
train,7,102
train,7,104
train,7,109
train,7,110
train,7,116
train,7,123
train,7,134
train,7,138
train,7,149
train,7,153
train,7,157
train,7,158
train,7,159
train,7,168
train,7,181
train,7,9
train,7,11
train,7,29
train,7,42
train,7,44
train,7,54
train,7,60
train,7,64
train,7,68
train,7,69
train,7,89
train,7,95
train,7,97
train,7,105
train,7,108
train,7,112
train,7,118
train,7,119
train,7,122
train,7,125
train,7,136
train,7,137
train,7,143
train,7,145
train,7,151
train,7,166
train,7,182
train,8,5
train,8,18
train,8,19
train,8,20
train,8,24
train,8,25
train,8,32
train,8,39
train,8,45
train,8,58
train,8,62
train,8,65
train,8,67
train,8,78
train,8,80
train,8,84
train,8,90
train,8,99
train,8,101
train,8,107
train,8,117
train,8,130
train,8,133
train,8,139
train,8,142
train,8,146
train,8,148
train,8,150
train,8,152
train,8,165
train,8,170
train,8,179
train,8,180
train,8,183
train,8,186
train,8,187
train,8,190
train,8,4
train,8,8
train,8,21
train,8,23
train,8,30
train,8,33
train,8,50
train,8,51
train,8,56
train,8,57
train,8,66
train,8,82
train,8,92
train,8,94
train,8,103
train,8,115
train,8,121
train,8,129
train,8,141
train,8,161
train,8,163
train,8,164
train,8,167
train,8,172
train,8,173
train,8,174
train,8,189
train,8,1
train,8,3
train,8,6
train,8,13
train,8,16
train,8,17
train,8,31
train,8,35
train,8,38
train,8,40
train,8,43
train,8,47
train,8,52
train,8,55
train,8,59
train,8,63
train,8,73
train,8,85
train,8,87
train,8,88
train,8,100
train,8,102
train,8,104
train,8,109
train,8,110
train,8,116
train,8,123
train,8,134
train,8,138
train,8,149
train,8,153
train,8,157
train,8,158
train,8,159
train,8,168
train,8,181
train,8,9
train,8,11
train,8,29
train,8,42
train,8,44
train,8,54
train,8,60
train,8,64
train,8,68
train,8,69
train,8,89
train,8,95
train,8,97
train,8,105
train,8,108
train,8,112
train,8,118
train,8,119
train,8,122
train,8,125
train,8,136
train,8,137
train,8,143
train,8,145
train,8,151
train,8,166
train,8,182
train,9,5
train,9,18
train,9,19
train,9,20
train,9,24
train,9,25
train,9,32
train,9,39
train,9,45
train,9,58
train,9,62
train,9,65
train,9,67
train,9,78
train,9,80
train,9,84
train,9,90
train,9,99
train,9,101
train,9,107
train,9,117
train,9,130
train,9,133
train,9,139
train,9,142
train,9,146
train,9,148
train,9,150
train,9,152
train,9,165
train,9,170
train,9,179
train,9,180
train,9,183
train,9,186
train,9,187
train,9,190
train,9,4
train,9,8
train,9,21
train,9,23
train,9,30
train,9,33
train,9,50
train,9,51
train,9,56
train,9,57
train,9,66
train,9,82
train,9,92
train,9,94
train,9,103
train,9,115
train,9,121
train,9,129
train,9,141
train,9,161
train,9,163
train,9,164
train,9,167
train,9,172
train,9,173
train,9,174
train,9,189
train,9,2
train,9,7
train,9,10
train,9,12
train,9,14
train,9,15
train,9,22
train,9,26
train,9,27
train,9,28
train,9,34
train,9,41
train,9,46
train,9,48
train,9,49
train,9,53
train,9,61
train,9,70
train,9,71
train,9,74
train,9,77
train,9,81
train,9,83
train,9,86
train,9,91
train,9,93
train,9,98
train,9,111
train,9,124
train,9,127
train,9,135
train,9,156
train,9,171
train,9,176
train,9,178
train,9,185
train,9,36
train,9,37
train,9,72
train,9,75
train,9,76
train,9,79
train,9,96
train,9,106
train,9,113
train,9,114
train,9,120
train,9,126
train,9,128
train,9,131
train,9,132
train,9,140
train,9,144
train,9,147
train,9,154
train,9,155
train,9,160
train,9,162
train,9,169
train,9,175
train,9,177
train,9,184
train,9,188
train,10,3
train,10,7
train,10,12
train,10,14
train,10,19
train,10,24
train,10,38
train,10,41
train,10,43
train,10,45
train,10,46
train,10,47
train,10,49
train,10,58
train,10,61
train,10,65
train,10,67
train,10,77
train,10,78
train,10,83
train,10,85
train,10,99
train,10,102
train,10,109
train,10,110
train,10,117
train,10,134
train,10,142
train,10,150
train,10,152
train,10,157
train,10,165
train,10,179
train,10,180
train,10,183
train,10,186
train,10,8
train,10,9
train,10,33
train,10,50
train,10,51
train,10,60
train,10,66
train,10,69
train,10,79
train,10,89
train,10,92
train,10,97
train,10,112
train,10,113
train,10,114
train,10,121
train,10,137
train,10,141
train,10,143
train,10,144
train,10,147
train,10,160
train,10,163
train,10,164
train,10,175
train,10,177
train,10,188
train,10,5
train,10,15
train,10,16
train,10,18
train,10,22
train,10,25
train,10,26
train,10,28
train,10,34
train,10,39
train,10,48
train,10,52
train,10,53
train,10,59
train,10,62
train,10,63
train,10,70
train,10,74
train,10,84
train,10,86
train,10,88
train,10,90
train,10,91
train,10,93
train,10,111
train,10,123
train,10,127
train,10,135
train,10,139
train,10,149
train,10,156
train,10,170
train,10,171
train,10,176
train,10,181
train,10,185
train,10,4
train,10,11
train,10,21
train,10,23
train,10,29
train,10,56
train,10,64
train,10,68
train,10,72
train,10,82
train,10,94
train,10,95
train,10,96
train,10,103
train,10,115
train,10,118
train,10,125
train,10,126
train,10,131
train,10,132
train,10,151
train,10,161
train,10,162
train,10,166
train,10,182
train,10,184
train,10,189
train,11,1
train,11,2
train,11,6
train,11,10
train,11,13
train,11,17
train,11,20
train,11,27
train,11,31
train,11,32
train,11,35
train,11,40
train,11,55
train,11,71
train,11,73
train,11,80
train,11,81
train,11,87
train,11,98
train,11,100
train,11,101
train,11,104
train,11,107
train,11,116
train,11,124
train,11,130
train,11,133
train,11,138
train,11,146
train,11,148
train,11,153
train,11,158
train,11,159
train,11,168
train,11,178
train,11,187
train,11,190
train,11,30
train,11,36
train,11,37
train,11,42
train,11,44
train,11,54
train,11,57
train,11,75
train,11,76
train,11,105
train,11,106
train,11,108
train,11,119
train,11,120
train,11,122
train,11,128
train,11,129
train,11,136
train,11,140
train,11,145
train,11,154
train,11,155
train,11,167
train,11,169
train,11,172
train,11,173
train,11,174
train,11,5
train,11,15
train,11,16
train,11,18
train,11,22
train,11,25
train,11,26
train,11,28
train,11,34
train,11,39
train,11,48
train,11,52
train,11,53
train,11,59
train,11,62
train,11,63
train,11,70
train,11,74
train,11,84
train,11,86
train,11,88
train,11,90
train,11,91
train,11,93
train,11,111
train,11,123
train,11,127
train,11,135
train,11,139
train,11,149
train,11,156
train,11,170
train,11,171
train,11,176
train,11,181
train,11,185
train,11,4
train,11,11
train,11,21
train,11,23
train,11,29
train,11,56
train,11,64
train,11,68
train,11,72
train,11,82
train,11,94
train,11,95
train,11,96
train,11,103
train,11,115
train,11,118
train,11,125
train,11,126
train,11,131
train,11,132
train,11,151
train,11,161
train,11,162
train,11,166
train,11,182
train,11,184
train,11,189
train,12,1
train,12,2
train,12,6
train,12,10
train,12,13
train,12,17
train,12,20
train,12,27
train,12,31
train,12,32
train,12,35
train,12,40
train,12,55
train,12,71
train,12,73
train,12,80
train,12,81
train,12,87
train,12,98
train,12,100
train,12,101
train,12,104
train,12,107
train,12,116
train,12,124
train,12,130
train,12,133
train,12,138
train,12,146
train,12,148
train,12,153
train,12,158
train,12,159
train,12,168
train,12,178
train,12,187
train,12,190
train,12,30
train,12,36
train,12,37
train,12,42
train,12,44
train,12,54
train,12,57
train,12,75
train,12,76
train,12,105
train,12,106
train,12,108
train,12,119
train,12,120
train,12,122
train,12,128
train,12,129
train,12,136
train,12,140
train,12,145
train,12,154
train,12,155
train,12,167
train,12,169
train,12,172
train,12,173
train,12,174
train,12,3
train,12,7
train,12,12
train,12,14
train,12,19
train,12,24
train,12,38
train,12,41
train,12,43
train,12,45
train,12,46
train,12,47
train,12,49
train,12,58
train,12,61
train,12,65
train,12,67
train,12,77
train,12,78
train,12,83
train,12,85
train,12,99
train,12,102
train,12,109
train,12,110
train,12,117
train,12,134
train,12,142
train,12,150
train,12,152
train,12,157
train,12,165
train,12,179
train,12,180
train,12,183
train,12,186
train,12,8
train,12,9
train,12,33
train,12,50
train,12,51
train,12,60
train,12,66
train,12,69
train,12,79
train,12,89
train,12,92
train,12,97
train,12,112
train,12,113
train,12,114
train,12,121
train,12,137
train,12,141
train,12,143
train,12,144
train,12,147
train,12,160
train,12,163
train,12,164
train,12,175
train,12,177
train,12,188
train,13,1
train,13,2
train,13,7
train,13,10
train,13,13
train,13,15
train,13,19
train,13,20
train,13,22
train,13,27
train,13,34
train,13,38
train,13,40
train,13,45
train,13,46
train,13,47
train,13,52
train,13,58
train,13,71
train,13,73
train,13,83
train,13,84
train,13,87
train,13,90
train,13,91
train,13,98
train,13,102
train,13,116
train,13,123
train,13,134
train,13,146
train,13,170
train,13,176
train,13,179
train,13,186
train,13,187
train,13,4
train,13,8
train,13,9
train,13,33
train,13,57
train,13,69
train,13,82
train,13,89
train,13,92
train,13,96
train,13,108
train,13,112
train,13,115
train,13,122
train,13,125
train,13,128
train,13,129
train,13,131
train,13,132
train,13,136
train,13,141
train,13,144
train,13,145
train,13,160
train,13,164
train,13,169
train,13,184
train,13,14
train,13,16
train,13,17
train,13,24
train,13,26
train,13,32
train,13,35
train,13,43
train,13,48
train,13,49
train,13,53
train,13,55
train,13,59
train,13,62
train,13,63
train,13,70
train,13,74
train,13,88
train,13,104
train,13,107
train,13,109
train,13,110
train,13,111
train,13,117
train,13,124
train,13,135
train,13,138
train,13,139
train,13,148
train,13,149
train,13,150
train,13,165
train,13,171
train,13,180
train,13,185
train,13,190
train,13,11
train,13,36
train,13,42
train,13,50
train,13,51
train,13,54
train,13,64
train,13,68
train,13,76
train,13,94
train,13,95
train,13,97
train,13,105
train,13,106
train,13,114
train,13,119
train,13,120
train,13,121
train,13,126
train,13,143
train,13,154
train,13,155
train,13,161
train,13,163
train,13,173
train,13,188
train,13,189
train,14,3
train,14,5
train,14,6
train,14,12
train,14,18
train,14,25
train,14,28
train,14,31
train,14,39
train,14,41
train,14,61
train,14,65
train,14,67
train,14,77
train,14,78
train,14,80
train,14,81
train,14,85
train,14,86
train,14,93
train,14,99
train,14,100
train,14,101
train,14,127
train,14,130
train,14,133
train,14,142
train,14,152
train,14,153
train,14,156
train,14,157
train,14,158
train,14,159
train,14,168
train,14,178
train,14,181
train,14,183
train,14,21
train,14,23
train,14,29
train,14,30
train,14,37
train,14,44
train,14,56
train,14,60
train,14,66
train,14,72
train,14,75
train,14,79
train,14,103
train,14,113
train,14,118
train,14,137
train,14,140
train,14,147
train,14,151
train,14,162
train,14,166
train,14,167
train,14,172
train,14,174
train,14,175
train,14,177
train,14,182
train,14,14
train,14,16
train,14,17
train,14,24
train,14,26
train,14,32
train,14,35
train,14,43
train,14,48
train,14,49
train,14,53
train,14,55
train,14,59
train,14,62
train,14,63
train,14,70
train,14,74
train,14,88
train,14,104
train,14,107
train,14,109
train,14,110
train,14,111
train,14,117
train,14,124
train,14,135
train,14,138
train,14,139
train,14,148
train,14,149
train,14,150
train,14,165
train,14,171
train,14,180
train,14,185
train,14,190
train,14,11
train,14,36
train,14,42
train,14,50
train,14,51
train,14,54
train,14,64
train,14,68
train,14,76
train,14,94
train,14,95
train,14,97
train,14,105
train,14,106
train,14,114
train,14,119
train,14,120
train,14,121
train,14,126
train,14,143
train,14,154
train,14,155
train,14,161
train,14,163
train,14,173
train,14,188
train,14,189
train,15,3
train,15,5
train,15,6
train,15,12
train,15,18
train,15,25
train,15,28
train,15,31
train,15,39
train,15,41
train,15,61
train,15,65
train,15,67
train,15,77
train,15,78
train,15,80
train,15,81
train,15,85
train,15,86
train,15,93
train,15,99
train,15,100
train,15,101
train,15,127
train,15,130
train,15,133
train,15,142
train,15,152
train,15,153
train,15,156
train,15,157
train,15,158
train,15,159
train,15,168
train,15,178
train,15,181
train,15,183
train,15,21
train,15,23
train,15,29
train,15,30
train,15,37
train,15,44
train,15,56
train,15,60
train,15,66
train,15,72
train,15,75
train,15,79
train,15,103
train,15,113
train,15,118
train,15,137
train,15,140
train,15,147
train,15,151
train,15,162
train,15,166
train,15,167
train,15,172
train,15,174
train,15,175
train,15,177
train,15,182
train,15,1
train,15,2
train,15,7
train,15,10
train,15,13
train,15,15
train,15,19
train,15,20
train,15,22
train,15,27
train,15,34
train,15,38
train,15,40
train,15,45
train,15,46
train,15,47
train,15,52
train,15,58
train,15,71
train,15,73
train,15,83
train,15,84
train,15,87
train,15,90
train,15,91
train,15,98
train,15,102
train,15,116
train,15,123
train,15,134
train,15,146
train,15,170
train,15,176
train,15,179
train,15,186
train,15,187
train,15,4
train,15,8
train,15,9
train,15,33
train,15,57
train,15,69
train,15,82
train,15,89
train,15,92
train,15,96
train,15,108
train,15,112
train,15,115
train,15,122
train,15,125
train,15,128
train,15,129
train,15,131
train,15,132
train,15,136
train,15,141
train,15,144
train,15,145
train,15,160
train,15,164
train,15,169
train,15,184
train,16,2
train,16,15
train,16,17
train,16,20
train,16,22
train,16,24
train,16,25
train,16,28
train,16,32
train,16,38
train,16,47
train,16,62
train,16,67
train,16,71
train,16,73
train,16,78
train,16,85
train,16,87
train,16,90
train,16,98
train,16,107
train,16,109
train,16,124
train,16,130
train,16,135
train,16,138
train,16,148
train,16,150
train,16,156
train,16,158
train,16,159
train,16,168
train,16,170
train,16,171
train,16,181
train,16,190
train,16,9
train,16,56
train,16,57
train,16,60
train,16,64
train,16,68
train,16,72
train,16,76
train,16,79
train,16,82
train,16,94
train,16,105
train,16,114
train,16,115
train,16,121
train,16,122
train,16,125
train,16,128
train,16,129
train,16,131
train,16,132
train,16,140
train,16,143
train,16,154
train,16,162
train,16,175
train,16,177
train,16,6
train,16,7
train,16,10
train,16,14
train,16,16
train,16,18
train,16,34
train,16,35
train,16,39
train,16,41
train,16,46
train,16,49
train,16,52
train,16,55
train,16,59
train,16,61
train,16,63
train,16,74
train,16,77
train,16,81
train,16,83
train,16,100
train,16,102
train,16,104
train,16,110
train,16,111
train,16,117
train,16,127
train,16,133
train,16,149
train,16,152
train,16,176
train,16,178
train,16,180
train,16,185
train,16,186
train,16,4
train,16,8
train,16,21
train,16,23
train,16,29
train,16,30
train,16,42
train,16,44
train,16,51
train,16,66
train,16,69
train,16,92
train,16,97
train,16,103
train,16,112
train,16,120
train,16,126
train,16,137
train,16,144
train,16,145
train,16,147
train,16,160
train,16,163
train,16,164
train,16,166
train,16,169
train,16,182
train,17,1
train,17,3
train,17,5
train,17,12
train,17,13
train,17,19
train,17,26
train,17,27
train,17,31
train,17,40
train,17,43
train,17,45
train,17,48
train,17,53
train,17,58
train,17,65
train,17,70
train,17,80
train,17,84
train,17,86
train,17,88
train,17,91
train,17,93
train,17,99
train,17,101
train,17,116
train,17,123
train,17,134
train,17,139
train,17,142
train,17,146
train,17,153
train,17,157
train,17,165
train,17,179
train,17,183
train,17,187
train,17,11
train,17,33
train,17,36
train,17,37
train,17,50
train,17,54
train,17,75
train,17,89
train,17,95
train,17,96
train,17,106
train,17,108
train,17,113
train,17,118
train,17,119
train,17,136
train,17,141
train,17,151
train,17,155
train,17,161
train,17,167
train,17,172
train,17,173
train,17,174
train,17,184
train,17,188
train,17,189
train,17,6
train,17,7
train,17,10
train,17,14
train,17,16
train,17,18
train,17,34
train,17,35
train,17,39
train,17,41
train,17,46
train,17,49
train,17,52
train,17,55
train,17,59
train,17,61
train,17,63
train,17,74
train,17,77
train,17,81
train,17,83
train,17,100
train,17,102
train,17,104
train,17,110
train,17,111
train,17,117
train,17,127
train,17,133
train,17,149
train,17,152
train,17,176
train,17,178
train,17,180
train,17,185
train,17,186
train,17,4
train,17,8
train,17,21
train,17,23
train,17,29
train,17,30
train,17,42
train,17,44
train,17,51
train,17,66
train,17,69
train,17,92
train,17,97
train,17,103
train,17,112
train,17,120
train,17,126
train,17,137
train,17,144
train,17,145
train,17,147
train,17,160
train,17,163
train,17,164
train,17,166
train,17,169
train,17,182
train,18,1
train,18,3
train,18,5
train,18,12
train,18,13
train,18,19
train,18,26
train,18,27
train,18,31
train,18,40
train,18,43
train,18,45
train,18,48
train,18,53
train,18,58
train,18,65
train,18,70
train,18,80
train,18,84
train,18,86
train,18,88
train,18,91
train,18,93
train,18,99
train,18,101
train,18,116
train,18,123
train,18,134
train,18,139
train,18,142
train,18,146
train,18,153
train,18,157
train,18,165
train,18,179
train,18,183
train,18,187
train,18,11
train,18,33
train,18,36
train,18,37
train,18,50
train,18,54
train,18,75
train,18,89
train,18,95
train,18,96
train,18,106
train,18,108
train,18,113
train,18,118
train,18,119
train,18,136
train,18,141
train,18,151
train,18,155
train,18,161
train,18,167
train,18,172
train,18,173
train,18,174
train,18,184
train,18,188
train,18,189
train,18,2
train,18,15
train,18,17
train,18,20
train,18,22
train,18,24
train,18,25
train,18,28
train,18,32
train,18,38
train,18,47
train,18,62
train,18,67
train,18,71
train,18,73
train,18,78
train,18,85
train,18,87
train,18,90
train,18,98
train,18,107
train,18,109
train,18,124
train,18,130
train,18,135
train,18,138
train,18,148
train,18,150
train,18,156
train,18,158
train,18,159
train,18,168
train,18,170
train,18,171
train,18,181
train,18,190
train,18,9
train,18,56
train,18,57
train,18,60
train,18,64
train,18,68
train,18,72
train,18,76
train,18,79
train,18,82
train,18,94
train,18,105
train,18,114
train,18,115
train,18,121
train,18,122
train,18,125
train,18,128
train,18,129
train,18,131
train,18,132
train,18,140
train,18,143
train,18,154
train,18,162
train,18,175
train,18,177
train,19,13
train,19,16
train,19,18
train,19,26
train,19,27
train,19,32
train,19,43
train,19,45
train,19,46
train,19,48
train,19,49
train,19,53
train,19,55
train,19,61
train,19,62
train,19,65
train,19,67
train,19,73
train,19,81
train,19,83
train,19,84
train,19,88
train,19,91
train,19,104
train,19,109
train,19,127
train,19,138
train,19,142
train,19,152
train,19,159
train,19,168
train,19,171
train,19,178
train,19,180
train,19,185
train,19,186
train,19,29
train,19,33
train,19,42
train,19,50
train,19,54
train,19,60
train,19,69
train,19,72
train,19,76
train,19,89
train,19,97
train,19,105
train,19,106
train,19,115
train,19,118
train,19,120
train,19,140
train,19,141
train,19,144
train,19,145
train,19,147
train,19,169
train,19,173
train,19,174
train,19,175
train,19,177
train,19,184
train,19,1
train,19,2
train,19,5
train,19,7
train,19,10
train,19,12
train,19,14
train,19,15
train,19,20
train,19,28
train,19,31
train,19,35
train,19,39
train,19,40
train,19,58
train,19,59
train,19,78
train,19,80
train,19,85
train,19,86
train,19,87
train,19,111
train,19,117
train,19,124
train,19,130
train,19,133
train,19,134
train,19,135
train,19,146
train,19,148
train,19,149
train,19,156
train,19,157
train,19,158
train,19,179
train,19,181
train,19,4
train,19,8
train,19,9
train,19,11
train,19,21
train,19,23
train,19,37
train,19,44
train,19,51
train,19,66
train,19,75
train,19,79
train,19,92
train,19,96
train,19,103
train,19,113
train,19,119
train,19,129
train,19,137
train,19,155
train,19,160
train,19,162
train,19,164
train,19,166
train,19,172
train,19,182
train,19,189
train,20,3
train,20,6
train,20,17
train,20,19
train,20,22
train,20,24
train,20,25
train,20,34
train,20,38
train,20,41
train,20,47
train,20,52
train,20,63
train,20,70
train,20,71
train,20,74
train,20,77
train,20,90
train,20,93
train,20,98
train,20,99
train,20,100
train,20,101
train,20,102
train,20,107
train,20,110
train,20,116
train,20,123
train,20,139
train,20,150
train,20,153
train,20,165
train,20,170
train,20,176
train,20,183
train,20,187
train,20,190
train,20,30
train,20,36
train,20,56
train,20,57
train,20,64
train,20,68
train,20,82
train,20,94
train,20,95
train,20,108
train,20,112
train,20,114
train,20,121
train,20,122
train,20,125
train,20,126
train,20,128
train,20,131
train,20,132
train,20,136
train,20,143
train,20,151
train,20,154
train,20,161
train,20,163
train,20,167
train,20,188
train,20,1
train,20,2
train,20,5
train,20,7
train,20,10
train,20,12
train,20,14
train,20,15
train,20,20
train,20,28
train,20,31
train,20,35
train,20,39
train,20,40
train,20,58
train,20,59
train,20,78
train,20,80
train,20,85
train,20,86
train,20,87
train,20,111
train,20,117
train,20,124
train,20,130
train,20,133
train,20,134
train,20,135
train,20,146
train,20,148
train,20,149
train,20,156
train,20,157
train,20,158
train,20,179
train,20,181
train,20,4
train,20,8
train,20,9
train,20,11
train,20,21
train,20,23
train,20,37
train,20,44
train,20,51
train,20,66
train,20,75
train,20,79
train,20,92
train,20,96
train,20,103
train,20,113
train,20,119
train,20,129
train,20,137
train,20,155
train,20,160
train,20,162
train,20,164
train,20,166
train,20,172
train,20,182
train,20,189
train,21,3
train,21,6
train,21,17
train,21,19
train,21,22
train,21,24
train,21,25
train,21,34
train,21,38
train,21,41
train,21,47
train,21,52
train,21,63
train,21,70
train,21,71
train,21,74
train,21,77
train,21,90
train,21,93
train,21,98
train,21,99
train,21,100
train,21,101
train,21,102
train,21,107
train,21,110
train,21,116
train,21,123
train,21,139
train,21,150
train,21,153
train,21,165
train,21,170
train,21,176
train,21,183
train,21,187
train,21,190
train,21,30
train,21,36
train,21,56
train,21,57
train,21,64
train,21,68
train,21,82
train,21,94
train,21,95
train,21,108
train,21,112
train,21,114
train,21,121
train,21,122
train,21,125
train,21,126
train,21,128
train,21,131
train,21,132
train,21,136
train,21,143
train,21,151
train,21,154
train,21,161
train,21,163
train,21,167
train,21,188
train,21,13
train,21,16
train,21,18
train,21,26
train,21,27
train,21,32
train,21,43
train,21,45
train,21,46
train,21,48
train,21,49
train,21,53
train,21,55
train,21,61
train,21,62
train,21,65
train,21,67
train,21,73
train,21,81
train,21,83
train,21,84
train,21,88
train,21,91
train,21,104
train,21,109
train,21,127
train,21,138
train,21,142
train,21,152
train,21,159
train,21,168
train,21,171
train,21,178
train,21,180
train,21,185
train,21,186
train,21,29
train,21,33
train,21,42
train,21,50
train,21,54
train,21,60
train,21,69
train,21,72
train,21,76
train,21,89
train,21,97
train,21,105
train,21,106
train,21,115
train,21,118
train,21,120
train,21,140
train,21,141
train,21,144
train,21,145
train,21,147
train,21,169
train,21,173
train,21,174
train,21,175
train,21,177
train,21,184
train,22,2
train,22,3
train,22,5
train,22,10
train,22,12
train,22,13
train,22,16
train,22,17
train,22,26
train,22,27
train,22,39
train,22,41
train,22,43
train,22,49
train,22,61
train,22,62
train,22,63
train,22,65
train,22,70
train,22,73
train,22,85
train,22,98
train,22,100
train,22,102
train,22,104
train,22,107
train,22,109
train,22,111
train,22,134
train,22,146
train,22,148
train,22,149
train,22,152
train,22,170
train,22,179
train,22,181
train,22,21
train,22,36
train,22,37
train,22,51
train,22,54
train,22,56
train,22,66
train,22,72
train,22,75
train,22,76
train,22,95
train,22,96
train,22,103
train,22,105
train,22,106
train,22,115
train,22,118
train,22,119
train,22,120
train,22,121
train,22,128
train,22,145
train,22,155
train,22,163
train,22,164
train,22,174
train,22,182
train,22,1
train,22,6
train,22,7
train,22,14
train,22,18
train,22,20
train,22,31
train,22,32
train,22,35
train,22,38
train,22,45
train,22,47
train,22,52
train,22,55
train,22,58
train,22,67
train,22,74
train,22,78
train,22,87
train,22,88
train,22,90
train,22,91
train,22,93
train,22,99
train,22,110
train,22,124
train,22,130
train,22,133
train,22,139
train,22,150
train,22,153
train,22,158
train,22,159
train,22,165
train,22,168
train,22,180
train,22,4
train,22,8
train,22,30
train,22,33
train,22,57
train,22,60
train,22,64
train,22,69
train,22,82
train,22,92
train,22,94
train,22,97
train,22,112
train,22,113
train,22,122
train,22,125
train,22,126
train,22,136
train,22,140
train,22,141
train,22,143
train,22,144
train,22,147
train,22,160
train,22,167
train,22,177
train,22,184
train,23,15
train,23,19
train,23,22
train,23,24
train,23,25
train,23,28
train,23,34
train,23,40
train,23,46
train,23,48
train,23,53
train,23,59
train,23,71
train,23,77
train,23,80
train,23,81
train,23,83
train,23,84
train,23,86
train,23,101
train,23,116
train,23,117
train,23,123
train,23,127
train,23,135
train,23,138
train,23,142
train,23,156
train,23,157
train,23,171
train,23,176
train,23,178
train,23,183
train,23,185
train,23,186
train,23,187
train,23,190
train,23,9
train,23,11
train,23,23
train,23,29
train,23,42
train,23,44
train,23,50
train,23,68
train,23,79
train,23,89
train,23,108
train,23,114
train,23,129
train,23,131
train,23,132
train,23,137
train,23,151
train,23,154
train,23,161
train,23,162
train,23,166
train,23,169
train,23,172
train,23,173
train,23,175
train,23,188
train,23,189
train,23,1
train,23,6
train,23,7
train,23,14
train,23,18
train,23,20
train,23,31
train,23,32
train,23,35
train,23,38
train,23,45
train,23,47
train,23,52
train,23,55
train,23,58
train,23,67
train,23,74
train,23,78
train,23,87
train,23,88
train,23,90
train,23,91
train,23,93
train,23,99
train,23,110
train,23,124
train,23,130
train,23,133
train,23,139
train,23,150
train,23,153
train,23,158
train,23,159
train,23,165
train,23,168
train,23,180
train,23,4
train,23,8
train,23,30
train,23,33
train,23,57
train,23,60
train,23,64
train,23,69
train,23,82
train,23,92
train,23,94
train,23,97
train,23,112
train,23,113
train,23,122
train,23,125
train,23,126
train,23,136
train,23,140
train,23,141
train,23,143
train,23,144
train,23,147
train,23,160
train,23,167
train,23,177
train,23,184
train,24,15
train,24,19
train,24,22
train,24,24
train,24,25
train,24,28
train,24,34
train,24,40
train,24,46
train,24,48
train,24,53
train,24,59
train,24,71
train,24,77
train,24,80
train,24,81
train,24,83
train,24,84
train,24,86
train,24,101
train,24,116
train,24,117
train,24,123
train,24,127
train,24,135
train,24,138
train,24,142
train,24,156
train,24,157
train,24,171
train,24,176
train,24,178
train,24,183
train,24,185
train,24,186
train,24,187
train,24,190
train,24,9
train,24,11
train,24,23
train,24,29
train,24,42
train,24,44
train,24,50
train,24,68
train,24,79
train,24,89
train,24,108
train,24,114
train,24,129
train,24,131
train,24,132
train,24,137
train,24,151
train,24,154
train,24,161
train,24,162
train,24,166
train,24,169
train,24,172
train,24,173
train,24,175
train,24,188
train,24,189
train,24,2
train,24,3
train,24,5
train,24,10
train,24,12
train,24,13
train,24,16
train,24,17
train,24,26
train,24,27
train,24,39
train,24,41
train,24,43
train,24,49
train,24,61
train,24,62
train,24,63
train,24,65
train,24,70
train,24,73
train,24,85
train,24,98
train,24,100
train,24,102
train,24,104
train,24,107
train,24,109
train,24,111
train,24,134
train,24,146
train,24,148
train,24,149
train,24,152
train,24,170
train,24,179
train,24,181
train,24,21
train,24,36
train,24,37
train,24,51
train,24,54
train,24,56
train,24,66
train,24,72
train,24,75
train,24,76
train,24,95
train,24,96
train,24,103
train,24,105
train,24,106
train,24,115
train,24,118
train,24,119
train,24,120
train,24,121
train,24,128
train,24,145
train,24,155
train,24,163
train,24,164
train,24,174
train,24,182
train,25,3
train,25,7
train,25,13
train,25,15
train,25,18
train,25,19
train,25,28
train,25,31
train,25,38
train,25,39
train,25,40
train,25,45
train,25,58
train,25,61
train,25,65
train,25,67
train,25,70
train,25,83
train,25,84
train,25,88
train,25,93
train,25,98
train,25,100
train,25,109
train,25,116
train,25,124
train,25,135
train,25,150
train,25,153
train,25,156
train,25,158
train,25,178
train,25,183
train,25,185
train,25,186
train,25,187
train,25,9
train,25,21
train,25,29
train,25,30
train,25,37
train,25,42
train,25,44
train,25,51
train,25,72
train,25,75
train,25,76
train,25,79
train,25,82
train,25,89
train,25,121
train,25,122
train,25,126
train,25,137
train,25,141
train,25,144
train,25,151
train,25,162
train,25,163
train,25,177
train,25,182
train,25,184
train,25,188
train,25,1
train,25,10
train,25,12
train,25,17
train,25,20
train,25,24
train,25,35
train,25,41
train,25,43
train,25,49
train,25,52
train,25,55
train,25,59
train,25,63
train,25,71
train,25,74
train,25,77
train,25,87
train,25,91
train,25,99
train,25,101
train,25,102
train,25,104
train,25,107
train,25,117
train,25,123
train,25,134
train,25,142
train,25,146
train,25,148
train,25,149
train,25,152
train,25,159
train,25,168
train,25,170
train,25,176
train,25,8
train,25,23
train,25,33
train,25,57
train,25,60
train,25,68
train,25,92
train,25,96
train,25,105
train,25,106
train,25,108
train,25,112
train,25,113
train,25,119
train,25,128
train,25,131
train,25,136
train,25,143
train,25,145
train,25,147
train,25,155
train,25,161
train,25,167
train,25,169
train,25,172
train,25,174
train,25,189
train,26,2
train,26,5
train,26,6
train,26,14
train,26,16
train,26,22
train,26,25
train,26,26
train,26,27
train,26,32
train,26,34
train,26,46
train,26,47
train,26,48
train,26,53
train,26,62
train,26,73
train,26,78
train,26,80
train,26,81
train,26,85
train,26,86
train,26,90
train,26,110
train,26,111
train,26,127
train,26,130
train,26,133
train,26,138
train,26,139
train,26,157
train,26,165
train,26,171
train,26,179
train,26,180
train,26,181
train,26,190
train,26,4
train,26,11
train,26,36
train,26,50
train,26,54
train,26,56
train,26,64
train,26,66
train,26,69
train,26,94
train,26,95
train,26,97
train,26,103
train,26,114
train,26,115
train,26,118
train,26,120
train,26,125
train,26,129
train,26,132
train,26,140
train,26,154
train,26,160
train,26,164
train,26,166
train,26,173
train,26,175
train,26,1
train,26,10
train,26,12
train,26,17
train,26,20
train,26,24
train,26,35
train,26,41
train,26,43
train,26,49
train,26,52
train,26,55
train,26,59
train,26,63
train,26,71
train,26,74
train,26,77
train,26,87
train,26,91
train,26,99
train,26,101
train,26,102
train,26,104
train,26,107
train,26,117
train,26,123
train,26,134
train,26,142
train,26,146
train,26,148
train,26,149
train,26,152
train,26,159
train,26,168
train,26,170
train,26,176
train,26,8
train,26,23
train,26,33
train,26,57
train,26,60
train,26,68
train,26,92
train,26,96
train,26,105
train,26,106
train,26,108
train,26,112
train,26,113
train,26,119
train,26,128
train,26,131
train,26,136
train,26,143
train,26,145
train,26,147
train,26,155
train,26,161
train,26,167
train,26,169
train,26,172
train,26,174
train,26,189
train,27,2
train,27,5
train,27,6
train,27,14
train,27,16
train,27,22
train,27,25
train,27,26
train,27,27
train,27,32
train,27,34
train,27,46
train,27,47
train,27,48
train,27,53
train,27,62
train,27,73
train,27,78
train,27,80
train,27,81
train,27,85
train,27,86
train,27,90
train,27,110
train,27,111
train,27,127
train,27,130
train,27,133
train,27,138
train,27,139
train,27,157
train,27,165
train,27,171
train,27,179
train,27,180
train,27,181
train,27,190
train,27,4
train,27,11
train,27,36
train,27,50
train,27,54
train,27,56
train,27,64
train,27,66
train,27,69
train,27,94
train,27,95
train,27,97
train,27,103
train,27,114
train,27,115
train,27,118
train,27,120
train,27,125
train,27,129
train,27,132
train,27,140
train,27,154
train,27,160
train,27,164
train,27,166
train,27,173
train,27,175
train,27,3
train,27,7
train,27,13
train,27,15
train,27,18
train,27,19
train,27,28
train,27,31
train,27,38
train,27,39
train,27,40
train,27,45
train,27,58
train,27,61
train,27,65
train,27,67
train,27,70
train,27,83
train,27,84
train,27,88
train,27,93
train,27,98
train,27,100
train,27,109
train,27,116
train,27,124
train,27,135
train,27,150
train,27,153
train,27,156
train,27,158
train,27,178
train,27,183
train,27,185
train,27,186
train,27,187
train,27,9
train,27,21
train,27,29
train,27,30
train,27,37
train,27,42
train,27,44
train,27,51
train,27,72
train,27,75
train,27,76
train,27,79
train,27,82
train,27,89
train,27,121
train,27,122
train,27,126
train,27,137
train,27,141
train,27,144
train,27,151
train,27,162
train,27,163
train,27,177
train,27,182
train,27,184
train,27,188
train,28,1
train,28,3
train,28,12
train,28,14
train,28,22
train,28,24
train,28,27
train,28,39
train,28,45
train,28,46
train,28,47
train,28,48
train,28,49
train,28,52
train,28,63
train,28,71
train,28,73
train,28,74
train,28,80
train,28,83
train,28,85
train,28,90
train,28,93
train,28,107
train,28,124
train,28,135
train,28,138
train,28,146
train,28,150
train,28,153
train,28,165
train,28,170
train,28,178
train,28,179
train,28,187
train,28,190
train,28,8
train,28,21
train,28,44
train,28,50
train,28,66
train,28,69
train,28,75
train,28,82
train,28,92
train,28,95
train,28,96
train,28,103
train,28,119
train,28,125
train,28,128
train,28,131
train,28,132
train,28,136
train,28,137
train,28,140
train,28,155
train,28,160
train,28,162
train,28,164
train,28,166
train,28,172
train,28,174
train,28,6
train,28,7
train,28,10
train,28,13
train,28,16
train,28,18
train,28,25
train,28,35
train,28,38
train,28,40
train,28,41
train,28,43
train,28,58
train,28,67
train,28,70
train,28,77
train,28,81
train,28,84
train,28,88
train,28,91
train,28,109
train,28,110
train,28,123
train,28,127
train,28,139
train,28,148
train,28,149
train,28,152
train,28,156
train,28,157
train,28,159
train,28,168
train,28,171
train,28,180
train,28,181
train,28,186
train,28,9
train,28,23
train,28,30
train,28,33
train,28,57
train,28,60
train,28,64
train,28,68
train,28,76
train,28,79
train,28,89
train,28,94
train,28,97
train,28,106
train,28,108
train,28,113
train,28,118
train,28,120
train,28,121
train,28,126
train,28,144
train,28,145
train,28,163
train,28,167
train,28,173
train,28,188
train,28,189
train,29,2
train,29,5
train,29,15
train,29,17
train,29,19
train,29,20
train,29,26
train,29,28
train,29,31
train,29,32
train,29,34
train,29,53
train,29,55
train,29,59
train,29,61
train,29,62
train,29,65
train,29,78
train,29,86
train,29,87
train,29,98
train,29,99
train,29,100
train,29,101
train,29,102
train,29,104
train,29,111
train,29,116
train,29,117
train,29,130
train,29,133
train,29,134
train,29,142
train,29,158
train,29,176
train,29,183
train,29,185
train,29,4
train,29,11
train,29,29
train,29,36
train,29,37
train,29,42
train,29,51
train,29,54
train,29,56
train,29,72
train,29,105
train,29,112
train,29,114
train,29,115
train,29,122
train,29,129
train,29,141
train,29,143
train,29,147
train,29,151
train,29,154
train,29,161
train,29,169
train,29,175
train,29,177
train,29,182
train,29,184
train,29,6
train,29,7
train,29,10
train,29,13
train,29,16
train,29,18
train,29,25
train,29,35
train,29,38
train,29,40
train,29,41
train,29,43
train,29,58
train,29,67
train,29,70
train,29,77
train,29,81
train,29,84
train,29,88
train,29,91
train,29,109
train,29,110
train,29,123
train,29,127
train,29,139
train,29,148
train,29,149
train,29,152
train,29,156
train,29,157
train,29,159
train,29,168
train,29,171
train,29,180
train,29,181
train,29,186
train,29,9
train,29,23
train,29,30
train,29,33
train,29,57
train,29,60
train,29,64
train,29,68
train,29,76
train,29,79
train,29,89
train,29,94
train,29,97
train,29,106
train,29,108
train,29,113
train,29,118
train,29,120
train,29,121
train,29,126
train,29,144
train,29,145
train,29,163
train,29,167
train,29,173
train,29,188
train,29,189
train,30,2
train,30,5
train,30,15
train,30,17
train,30,19
train,30,20
train,30,26
train,30,28
train,30,31
train,30,32
train,30,34
train,30,53
train,30,55
train,30,59
train,30,61
train,30,62
train,30,65
train,30,78
train,30,86
train,30,87
train,30,98
train,30,99
train,30,100
train,30,101
train,30,102
train,30,104
train,30,111
train,30,116
train,30,117
train,30,130
train,30,133
train,30,134
train,30,142
train,30,158
train,30,176
train,30,183
train,30,185
train,30,4
train,30,11
train,30,29
train,30,36
train,30,37
train,30,42
train,30,51
train,30,54
train,30,56
train,30,72
train,30,105
train,30,112
train,30,114
train,30,115
train,30,122
train,30,129
train,30,141
train,30,143
train,30,147
train,30,151
train,30,154
train,30,161
train,30,169
train,30,175
train,30,177
train,30,182
train,30,184
train,30,1
train,30,3
train,30,12
train,30,14
train,30,22
train,30,24
train,30,27
train,30,39
train,30,45
train,30,46
train,30,47
train,30,48
train,30,49
train,30,52
train,30,63
train,30,71
train,30,73
train,30,74
train,30,80
train,30,83
train,30,85
train,30,90
train,30,93
train,30,107
train,30,124
train,30,135
train,30,138
train,30,146
train,30,150
train,30,153
train,30,165
train,30,170
train,30,178
train,30,179
train,30,187
train,30,190
train,30,8
train,30,21
train,30,44
train,30,50
train,30,66
train,30,69
train,30,75
train,30,82
train,30,92
train,30,95
train,30,96
train,30,103
train,30,119
train,30,125
train,30,128
train,30,131
train,30,132
train,30,136
train,30,137
train,30,140
train,30,155
train,30,160
train,30,162
train,30,164
train,30,166
train,30,172
train,30,174
test,1,5
test,1,12
test,1,15
test,1,19
test,1,24
test,1,31
test,1,34
test,1,35
test,1,38
test,1,39
test,1,49
test,1,53
test,1,61
test,1,63
test,1,84
test,1,85
test,1,86
test,1,90
test,1,93
test,1,109
test,1,110
test,1,116
test,1,117
test,1,123
test,1,130
test,1,134
test,1,135
test,1,149
test,1,153
test,1,157
test,1,170
test,1,171
test,1,178
test,1,180
test,1,183
test,1,186
test,1,187
test,1,4
test,1,8
test,1,9
test,1,23
test,1,33
test,1,36
test,1,37
test,1,64
test,1,72
test,1,76
test,1,79
test,1,94
test,1,95
test,1,105
test,1,108
test,1,114
test,1,115
test,1,122
test,1,125
test,1,129
test,1,131
test,1,160
test,1,166
test,1,172
test,1,173
test,1,174
test,1,175
test,2,2
test,2,3
test,2,7
test,2,10
test,2,13
test,2,14
test,2,16
test,2,17
test,2,18
test,2,20
test,2,22
test,2,41
test,2,48
test,2,58
test,2,59
test,2,62
test,2,67
test,2,71
test,2,77
test,2,80
test,2,83
test,2,87
test,2,88
test,2,98
test,2,107
test,2,127
test,2,138
test,2,142
test,2,146
test,2,148
test,2,152
test,2,159
test,2,165
test,2,176
test,2,185
test,2,190
test,2,21
test,2,29
test,2,42
test,2,44
test,2,54
test,2,57
test,2,66
test,2,75
test,2,82
test,2,89
test,2,92
test,2,96
test,2,113
test,2,118
test,2,119
test,2,120
test,2,121
test,2,126
test,2,132
test,2,144
test,2,147
test,2,161
test,2,162
test,2,164
test,2,177
test,2,182
test,2,184
test,3,1
test,3,6
test,3,25
test,3,26
test,3,27
test,3,28
test,3,32
test,3,40
test,3,43
test,3,45
test,3,46
test,3,47
test,3,52
test,3,55
test,3,65
test,3,70
test,3,73
test,3,74
test,3,78
test,3,81
test,3,91
test,3,99
test,3,100
test,3,101
test,3,102
test,3,104
test,3,111
test,3,124
test,3,133
test,3,139
test,3,150
test,3,156
test,3,158
test,3,168
test,3,179
test,3,181
test,3,11
test,3,30
test,3,50
test,3,51
test,3,56
test,3,60
test,3,68
test,3,69
test,3,97
test,3,103
test,3,106
test,3,112
test,3,128
test,3,136
test,3,137
test,3,140
test,3,141
test,3,143
test,3,145
test,3,151
test,3,154
test,3,155
test,3,163
test,3,167
test,3,169
test,3,188
test,3,189
test,4,2
test,4,3
test,4,6
test,4,7
test,4,14
test,4,16
test,4,17
test,4,18
test,4,22
test,4,31
test,4,35
test,4,40
test,4,41
test,4,45
test,4,49
test,4,52
test,4,58
test,4,67
test,4,74
test,4,81
test,4,88
test,4,90
test,4,100
test,4,101
test,4,109
test,4,111
test,4,123
test,4,134
test,4,135
test,4,139
test,4,142
test,4,152
test,4,156
test,4,159
test,4,165
test,4,180
test,4,186
test,4,4
test,4,9
test,4,37
test,4,50
test,4,66
test,4,75
test,4,82
test,4,95
test,4,97
test,4,112
test,4,113
test,4,119
test,4,121
test,4,128
test,4,131
test,4,136
test,4,137
test,4,144
test,4,154
test,4,155
test,4,161
test,4,162
test,4,164
test,4,172
test,4,174
test,4,175
test,4,188
test,5,1
test,5,13
test,5,19
test,5,25
test,5,26
test,5,27
test,5,32
test,5,34
test,5,43
test,5,53
test,5,59
test,5,65
test,5,77
test,5,83
test,5,84
test,5,85
test,5,87
test,5,93
test,5,99
test,5,102
test,5,104
test,5,117
test,5,124
test,5,127
test,5,130
test,5,146
test,5,148
test,5,150
test,5,158
test,5,170
test,5,176
test,5,178
test,5,179
test,5,183
test,5,187
test,5,190
test,5,11
test,5,21
test,5,29
test,5,36
test,5,44
test,5,51
test,5,54
test,5,56
test,5,64
test,5,69
test,5,72
test,5,79
test,5,92
test,5,94
test,5,105
test,5,115
test,5,118
test,5,120
test,5,140
test,5,141
test,5,147
test,5,163
test,5,173
test,5,177
test,5,182
test,5,184
test,5,189
test,6,5
test,6,10
test,6,12
test,6,15
test,6,20
test,6,24
test,6,28
test,6,38
test,6,39
test,6,46
test,6,47
test,6,48
test,6,55
test,6,61
test,6,62
test,6,63
test,6,70
test,6,71
test,6,73
test,6,78
test,6,80
test,6,86
test,6,91
test,6,98
test,6,107
test,6,110
test,6,116
test,6,133
test,6,138
test,6,149
test,6,153
test,6,157
test,6,168
test,6,171
test,6,181
test,6,185
test,6,8
test,6,23
test,6,30
test,6,33
test,6,42
test,6,57
test,6,60
test,6,68
test,6,76
test,6,89
test,6,96
test,6,103
test,6,106
test,6,108
test,6,114
test,6,122
test,6,125
test,6,126
test,6,129
test,6,132
test,6,143
test,6,145
test,6,151
test,6,160
test,6,166
test,6,167
test,6,169
test,7,5
test,7,18
test,7,19
test,7,20
test,7,24
test,7,25
test,7,32
test,7,39
test,7,45
test,7,58
test,7,62
test,7,65
test,7,67
test,7,78
test,7,80
test,7,84
test,7,90
test,7,99
test,7,101
test,7,107
test,7,117
test,7,130
test,7,133
test,7,139
test,7,142
test,7,146
test,7,148
test,7,150
test,7,152
test,7,165
test,7,170
test,7,179
test,7,180
test,7,183
test,7,186
test,7,187
test,7,190
test,7,4
test,7,8
test,7,21
test,7,23
test,7,30
test,7,33
test,7,50
test,7,51
test,7,56
test,7,57
test,7,66
test,7,82
test,7,92
test,7,94
test,7,103
test,7,115
test,7,121
test,7,129
test,7,141
test,7,161
test,7,163
test,7,164
test,7,167
test,7,172
test,7,173
test,7,174
test,7,189
test,8,2
test,8,7
test,8,10
test,8,12
test,8,14
test,8,15
test,8,22
test,8,26
test,8,27
test,8,28
test,8,34
test,8,41
test,8,46
test,8,48
test,8,49
test,8,53
test,8,61
test,8,70
test,8,71
test,8,74
test,8,77
test,8,81
test,8,83
test,8,86
test,8,91
test,8,93
test,8,98
test,8,111
test,8,124
test,8,127
test,8,135
test,8,156
test,8,171
test,8,176
test,8,178
test,8,185
test,8,36
test,8,37
test,8,72
test,8,75
test,8,76
test,8,79
test,8,96
test,8,106
test,8,113
test,8,114
test,8,120
test,8,126
test,8,128
test,8,131
test,8,132
test,8,140
test,8,144
test,8,147
test,8,154
test,8,155
test,8,160
test,8,162
test,8,169
test,8,175
test,8,177
test,8,184
test,8,188
test,9,1
test,9,3
test,9,6
test,9,13
test,9,16
test,9,17
test,9,31
test,9,35
test,9,38
test,9,40
test,9,43
test,9,47
test,9,52
test,9,55
test,9,59
test,9,63
test,9,73
test,9,85
test,9,87
test,9,88
test,9,100
test,9,102
test,9,104
test,9,109
test,9,110
test,9,116
test,9,123
test,9,134
test,9,138
test,9,149
test,9,153
test,9,157
test,9,158
test,9,159
test,9,168
test,9,181
test,9,9
test,9,11
test,9,29
test,9,42
test,9,44
test,9,54
test,9,60
test,9,64
test,9,68
test,9,69
test,9,89
test,9,95
test,9,97
test,9,105
test,9,108
test,9,112
test,9,118
test,9,119
test,9,122
test,9,125
test,9,136
test,9,137
test,9,143
test,9,145
test,9,151
test,9,166
test,9,182
test,10,1
test,10,2
test,10,6
test,10,10
test,10,13
test,10,17
test,10,20
test,10,27
test,10,31
test,10,32
test,10,35
test,10,40
test,10,55
test,10,71
test,10,73
test,10,80
test,10,81
test,10,87
test,10,98
test,10,100
test,10,101
test,10,104
test,10,107
test,10,116
test,10,124
test,10,130
test,10,133
test,10,138
test,10,146
test,10,148
test,10,153
test,10,158
test,10,159
test,10,168
test,10,178
test,10,187
test,10,190
test,10,30
test,10,36
test,10,37
test,10,42
test,10,44
test,10,54
test,10,57
test,10,75
test,10,76
test,10,105
test,10,106
test,10,108
test,10,119
test,10,120
test,10,122
test,10,128
test,10,129
test,10,136
test,10,140
test,10,145
test,10,154
test,10,155
test,10,167
test,10,169
test,10,172
test,10,173
test,10,174
test,11,3
test,11,7
test,11,12
test,11,14
test,11,19
test,11,24
test,11,38
test,11,41
test,11,43
test,11,45
test,11,46
test,11,47
test,11,49
test,11,58
test,11,61
test,11,65
test,11,67
test,11,77
test,11,78
test,11,83
test,11,85
test,11,99
test,11,102
test,11,109
test,11,110
test,11,117
test,11,134
test,11,142
test,11,150
test,11,152
test,11,157
test,11,165
test,11,179
test,11,180
test,11,183
test,11,186
test,11,8
test,11,9
test,11,33
test,11,50
test,11,51
test,11,60
test,11,66
test,11,69
test,11,79
test,11,89
test,11,92
test,11,97
test,11,112
test,11,113
test,11,114
test,11,121
test,11,137
test,11,141
test,11,143
test,11,144
test,11,147
test,11,160
test,11,163
test,11,164
test,11,175
test,11,177
test,11,188
test,12,5
test,12,15
test,12,16
test,12,18
test,12,22
test,12,25
test,12,26
test,12,28
test,12,34
test,12,39
test,12,48
test,12,52
test,12,53
test,12,59
test,12,62
test,12,63
test,12,70
test,12,74
test,12,84
test,12,86
test,12,88
test,12,90
test,12,91
test,12,93
test,12,111
test,12,123
test,12,127
test,12,135
test,12,139
test,12,149
test,12,156
test,12,170
test,12,171
test,12,176
test,12,181
test,12,185
test,12,4
test,12,11
test,12,21
test,12,23
test,12,29
test,12,56
test,12,64
test,12,68
test,12,72
test,12,82
test,12,94
test,12,95
test,12,96
test,12,103
test,12,115
test,12,118
test,12,125
test,12,126
test,12,131
test,12,132
test,12,151
test,12,161
test,12,162
test,12,166
test,12,182
test,12,184
test,12,189
test,13,3
test,13,5
test,13,6
test,13,12
test,13,18
test,13,25
test,13,28
test,13,31
test,13,39
test,13,41
test,13,61
test,13,65
test,13,67
test,13,77
test,13,78
test,13,80
test,13,81
test,13,85
test,13,86
test,13,93
test,13,99
test,13,100
test,13,101
test,13,127
test,13,130
test,13,133
test,13,142
test,13,152
test,13,153
test,13,156
test,13,157
test,13,158
test,13,159
test,13,168
test,13,178
test,13,181
test,13,183
test,13,21
test,13,23
test,13,29
test,13,30
test,13,37
test,13,44
test,13,56
test,13,60
test,13,66
test,13,72
test,13,75
test,13,79
test,13,103
test,13,113
test,13,118
test,13,137
test,13,140
test,13,147
test,13,151
test,13,162
test,13,166
test,13,167
test,13,172
test,13,174
test,13,175
test,13,177
test,13,182
test,14,1
test,14,2
test,14,7
test,14,10
test,14,13
test,14,15
test,14,19
test,14,20
test,14,22
test,14,27
test,14,34
test,14,38
test,14,40
test,14,45
test,14,46
test,14,47
test,14,52
test,14,58
test,14,71
test,14,73
test,14,83
test,14,84
test,14,87
test,14,90
test,14,91
test,14,98
test,14,102
test,14,116
test,14,123
test,14,134
test,14,146
test,14,170
test,14,176
test,14,179
test,14,186
test,14,187
test,14,4
test,14,8
test,14,9
test,14,33
test,14,57
test,14,69
test,14,82
test,14,89
test,14,92
test,14,96
test,14,108
test,14,112
test,14,115
test,14,122
test,14,125
test,14,128
test,14,129
test,14,131
test,14,132
test,14,136
test,14,141
test,14,144
test,14,145
test,14,160
test,14,164
test,14,169
test,14,184
test,15,14
test,15,16
test,15,17
test,15,24
test,15,26
test,15,32
test,15,35
test,15,43
test,15,48
test,15,49
test,15,53
test,15,55
test,15,59
test,15,62
test,15,63
test,15,70
test,15,74
test,15,88
test,15,104
test,15,107
test,15,109
test,15,110
test,15,111
test,15,117
test,15,124
test,15,135
test,15,138
test,15,139
test,15,148
test,15,149
test,15,150
test,15,165
test,15,171
test,15,180
test,15,185
test,15,190
test,15,11
test,15,36
test,15,42
test,15,50
test,15,51
test,15,54
test,15,64
test,15,68
test,15,76
test,15,94
test,15,95
test,15,97
test,15,105
test,15,106
test,15,114
test,15,119
test,15,120
test,15,121
test,15,126
test,15,143
test,15,154
test,15,155
test,15,161
test,15,163
test,15,173
test,15,188
test,15,189
test,16,1
test,16,3
test,16,5
test,16,12
test,16,13
test,16,19
test,16,26
test,16,27
test,16,31
test,16,40
test,16,43
test,16,45
test,16,48
test,16,53
test,16,58
test,16,65
test,16,70
test,16,80
test,16,84
test,16,86
test,16,88
test,16,91
test,16,93
test,16,99
test,16,101
test,16,116
test,16,123
test,16,134
test,16,139
test,16,142
test,16,146
test,16,153
test,16,157
test,16,165
test,16,179
test,16,183
test,16,187
test,16,11
test,16,33
test,16,36
test,16,37
test,16,50
test,16,54
test,16,75
test,16,89
test,16,95
test,16,96
test,16,106
test,16,108
test,16,113
test,16,118
test,16,119
test,16,136
test,16,141
test,16,151
test,16,155
test,16,161
test,16,167
test,16,172
test,16,173
test,16,174
test,16,184
test,16,188
test,16,189
test,17,2
test,17,15
test,17,17
test,17,20
test,17,22
test,17,24
test,17,25
test,17,28
test,17,32
test,17,38
test,17,47
test,17,62
test,17,67
test,17,71
test,17,73
test,17,78
test,17,85
test,17,87
test,17,90
test,17,98
test,17,107
test,17,109
test,17,124
test,17,130
test,17,135
test,17,138
test,17,148
test,17,150
test,17,156
test,17,158
test,17,159
test,17,168
test,17,170
test,17,171
test,17,181
test,17,190
test,17,9
test,17,56
test,17,57
test,17,60
test,17,64
test,17,68
test,17,72
test,17,76
test,17,79
test,17,82
test,17,94
test,17,105
test,17,114
test,17,115
test,17,121
test,17,122
test,17,125
test,17,128
test,17,129
test,17,131
test,17,132
test,17,140
test,17,143
test,17,154
test,17,162
test,17,175
test,17,177
test,18,6
test,18,7
test,18,10
test,18,14
test,18,16
test,18,18
test,18,34
test,18,35
test,18,39
test,18,41
test,18,46
test,18,49
test,18,52
test,18,55
test,18,59
test,18,61
test,18,63
test,18,74
test,18,77
test,18,81
test,18,83
test,18,100
test,18,102
test,18,104
test,18,110
test,18,111
test,18,117
test,18,127
test,18,133
test,18,149
test,18,152
test,18,176
test,18,178
test,18,180
test,18,185
test,18,186
test,18,4
test,18,8
test,18,21
test,18,23
test,18,29
test,18,30
test,18,42
test,18,44
test,18,51
test,18,66
test,18,69
test,18,92
test,18,97
test,18,103
test,18,112
test,18,120
test,18,126
test,18,137
test,18,144
test,18,145
test,18,147
test,18,160
test,18,163
test,18,164
test,18,166
test,18,169
test,18,182
test,19,3
test,19,6
test,19,17
test,19,19
test,19,22
test,19,24
test,19,25
test,19,34
test,19,38
test,19,41
test,19,47
test,19,52
test,19,63
test,19,70
test,19,71
test,19,74
test,19,77
test,19,90
test,19,93
test,19,98
test,19,99
test,19,100
test,19,101
test,19,102
test,19,107
test,19,110
test,19,116
test,19,123
test,19,139
test,19,150
test,19,153
test,19,165
test,19,170
test,19,176
test,19,183
test,19,187
test,19,190
test,19,30
test,19,36
test,19,56
test,19,57
test,19,64
test,19,68
test,19,82
test,19,94
test,19,95
test,19,108
test,19,112
test,19,114
test,19,121
test,19,122
test,19,125
test,19,126
test,19,128
test,19,131
test,19,132
test,19,136
test,19,143
test,19,151
test,19,154
test,19,161
test,19,163
test,19,167
test,19,188
test,20,13
test,20,16
test,20,18
test,20,26
test,20,27
test,20,32
test,20,43
test,20,45
test,20,46
test,20,48
test,20,49
test,20,53
test,20,55
test,20,61
test,20,62
test,20,65
test,20,67
test,20,73
test,20,81
test,20,83
test,20,84
test,20,88
test,20,91
test,20,104
test,20,109
test,20,127
test,20,138
test,20,142
test,20,152
test,20,159
test,20,168
test,20,171
test,20,178
test,20,180
test,20,185
test,20,186
test,20,29
test,20,33
test,20,42
test,20,50
test,20,54
test,20,60
test,20,69
test,20,72
test,20,76
test,20,89
test,20,97
test,20,105
test,20,106
test,20,115
test,20,118
test,20,120
test,20,140
test,20,141
test,20,144
test,20,145
test,20,147
test,20,169
test,20,173
test,20,174
test,20,175
test,20,177
test,20,184
test,21,1
test,21,2
test,21,5
test,21,7
test,21,10
test,21,12
test,21,14
test,21,15
test,21,20
test,21,28
test,21,31
test,21,35
test,21,39
test,21,40
test,21,58
test,21,59
test,21,78
test,21,80
test,21,85
test,21,86
test,21,87
test,21,111
test,21,117
test,21,124
test,21,130
test,21,133
test,21,134
test,21,135
test,21,146
test,21,148
test,21,149
test,21,156
test,21,157
test,21,158
test,21,179
test,21,181
test,21,4
test,21,8
test,21,9
test,21,11
test,21,21
test,21,23
test,21,37
test,21,44
test,21,51
test,21,66
test,21,75
test,21,79
test,21,92
test,21,96
test,21,103
test,21,113
test,21,119
test,21,129
test,21,137
test,21,155
test,21,160
test,21,162
test,21,164
test,21,166
test,21,172
test,21,182
test,21,189
test,22,15
test,22,19
test,22,22
test,22,24
test,22,25
test,22,28
test,22,34
test,22,40
test,22,46
test,22,48
test,22,53
test,22,59
test,22,71
test,22,77
test,22,80
test,22,81
test,22,83
test,22,84
test,22,86
test,22,101
test,22,116
test,22,117
test,22,123
test,22,127
test,22,135
test,22,138
test,22,142
test,22,156
test,22,157
test,22,171
test,22,176
test,22,178
test,22,183
test,22,185
test,22,186
test,22,187
test,22,190
test,22,9
test,22,11
test,22,23
test,22,29
test,22,42
test,22,44
test,22,50
test,22,68
test,22,79
test,22,89
test,22,108
test,22,114
test,22,129
test,22,131
test,22,132
test,22,137
test,22,151
test,22,154
test,22,161
test,22,162
test,22,166
test,22,169
test,22,172
test,22,173
test,22,175
test,22,188
test,22,189
test,23,2
test,23,3
test,23,5
test,23,10
test,23,12
test,23,13
test,23,16
test,23,17
test,23,26
test,23,27
test,23,39
test,23,41
test,23,43
test,23,49
test,23,61
test,23,62
test,23,63
test,23,65
test,23,70
test,23,73
test,23,85
test,23,98
test,23,100
test,23,102
test,23,104
test,23,107
test,23,109
test,23,111
test,23,134
test,23,146
test,23,148
test,23,149
test,23,152
test,23,170
test,23,179
test,23,181
test,23,21
test,23,36
test,23,37
test,23,51
test,23,54
test,23,56
test,23,66
test,23,72
test,23,75
test,23,76
test,23,95
test,23,96
test,23,103
test,23,105
test,23,106
test,23,115
test,23,118
test,23,119
test,23,120
test,23,121
test,23,128
test,23,145
test,23,155
test,23,163
test,23,164
test,23,174
test,23,182
test,24,1
test,24,6
test,24,7
test,24,14
test,24,18
test,24,20
test,24,31
test,24,32
test,24,35
test,24,38
test,24,45
test,24,47
test,24,52
test,24,55
test,24,58
test,24,67
test,24,74
test,24,78
test,24,87
test,24,88
test,24,90
test,24,91
test,24,93
test,24,99
test,24,110
test,24,124
test,24,130
test,24,133
test,24,139
test,24,150
test,24,153
test,24,158
test,24,159
test,24,165
test,24,168
test,24,180
test,24,4
test,24,8
test,24,30
test,24,33
test,24,57
test,24,60
test,24,64
test,24,69
test,24,82
test,24,92
test,24,94
test,24,97
test,24,112
test,24,113
test,24,122
test,24,125
test,24,126
test,24,136
test,24,140
test,24,141
test,24,143
test,24,144
test,24,147
test,24,160
test,24,167
test,24,177
test,24,184
test,25,2
test,25,5
test,25,6
test,25,14
test,25,16
test,25,22
test,25,25
test,25,26
test,25,27
test,25,32
test,25,34
test,25,46
test,25,47
test,25,48
test,25,53
test,25,62
test,25,73
test,25,78
test,25,80
test,25,81
test,25,85
test,25,86
test,25,90
test,25,110
test,25,111
test,25,127
test,25,130
test,25,133
test,25,138
test,25,139
test,25,157
test,25,165
test,25,171
test,25,179
test,25,180
test,25,181
test,25,190
test,25,4
test,25,11
test,25,36
test,25,50
test,25,54
test,25,56
test,25,64
test,25,66
test,25,69
test,25,94
test,25,95
test,25,97
test,25,103
test,25,114
test,25,115
test,25,118
test,25,120
test,25,125
test,25,129
test,25,132
test,25,140
test,25,154
test,25,160
test,25,164
test,25,166
test,25,173
test,25,175
test,26,3
test,26,7
test,26,13
test,26,15
test,26,18
test,26,19
test,26,28
test,26,31
test,26,38
test,26,39
test,26,40
test,26,45
test,26,58
test,26,61
test,26,65
test,26,67
test,26,70
test,26,83
test,26,84
test,26,88
test,26,93
test,26,98
test,26,100
test,26,109
test,26,116
test,26,124
test,26,135
test,26,150
test,26,153
test,26,156
test,26,158
test,26,178
test,26,183
test,26,185
test,26,186
test,26,187
test,26,9
test,26,21
test,26,29
test,26,30
test,26,37
test,26,42
test,26,44
test,26,51
test,26,72
test,26,75
test,26,76
test,26,79
test,26,82
test,26,89
test,26,121
test,26,122
test,26,126
test,26,137
test,26,141
test,26,144
test,26,151
test,26,162
test,26,163
test,26,177
test,26,182
test,26,184
test,26,188
test,27,1
test,27,10
test,27,12
test,27,17
test,27,20
test,27,24
test,27,35
test,27,41
test,27,43
test,27,49
test,27,52
test,27,55
test,27,59
test,27,63
test,27,71
test,27,74
test,27,77
test,27,87
test,27,91
test,27,99
test,27,101
test,27,102
test,27,104
test,27,107
test,27,117
test,27,123
test,27,134
test,27,142
test,27,146
test,27,148
test,27,149
test,27,152
test,27,159
test,27,168
test,27,170
test,27,176
test,27,8
test,27,23
test,27,33
test,27,57
test,27,60
test,27,68
test,27,92
test,27,96
test,27,105
test,27,106
test,27,108
test,27,112
test,27,113
test,27,119
test,27,128
test,27,131
test,27,136
test,27,143
test,27,145
test,27,147
test,27,155
test,27,161
test,27,167
test,27,169
test,27,172
test,27,174
test,27,189
test,28,2
test,28,5
test,28,15
test,28,17
test,28,19
test,28,20
test,28,26
test,28,28
test,28,31
test,28,32
test,28,34
test,28,53
test,28,55
test,28,59
test,28,61
test,28,62
test,28,65
test,28,78
test,28,86
test,28,87
test,28,98
test,28,99
test,28,100
test,28,101
test,28,102
test,28,104
test,28,111
test,28,116
test,28,117
test,28,130
test,28,133
test,28,134
test,28,142
test,28,158
test,28,176
test,28,183
test,28,185
test,28,4
test,28,11
test,28,29
test,28,36
test,28,37
test,28,42
test,28,51
test,28,54
test,28,56
test,28,72
test,28,105
test,28,112
test,28,114
test,28,115
test,28,122
test,28,129
test,28,141
test,28,143
test,28,147
test,28,151
test,28,154
test,28,161
test,28,169
test,28,175
test,28,177
test,28,182
test,28,184
test,29,1
test,29,3
test,29,12
test,29,14
test,29,22
test,29,24
test,29,27
test,29,39
test,29,45
test,29,46
test,29,47
test,29,48
test,29,49
test,29,52
test,29,63
test,29,71
test,29,73
test,29,74
test,29,80
test,29,83
test,29,85
test,29,90
test,29,93
test,29,107
test,29,124
test,29,135
test,29,138
test,29,146
test,29,150
test,29,153
test,29,165
test,29,170
test,29,178
test,29,179
test,29,187
test,29,190
test,29,8
test,29,21
test,29,44
test,29,50
test,29,66
test,29,69
test,29,75
test,29,82
test,29,92
test,29,95
test,29,96
test,29,103
test,29,119
test,29,125
test,29,128
test,29,131
test,29,132
test,29,136
test,29,137
test,29,140
test,29,155
test,29,160
test,29,162
test,29,164
test,29,166
test,29,172
test,29,174
test,30,6
test,30,7
test,30,10
test,30,13
test,30,16
test,30,18
test,30,25
test,30,35
test,30,38
test,30,40
test,30,41
test,30,43
test,30,58
test,30,67
test,30,70
test,30,77
test,30,81
test,30,84
test,30,88
test,30,91
test,30,109
test,30,110
test,30,123
test,30,127
test,30,139
test,30,148
test,30,149
test,30,152
test,30,156
test,30,157
test,30,159
test,30,168
test,30,171
test,30,180
test,30,181
test,30,186
test,30,9
test,30,23
test,30,30
test,30,33
test,30,57
test,30,60
test,30,64
test,30,68
test,30,76
test,30,79
test,30,89
test,30,94
test,30,97
test,30,106
test,30,108
test,30,113
test,30,118
test,30,120
test,30,121
test,30,126
test,30,144
test,30,145
test,30,163
test,30,167
test,30,173
test,30,188
test,30,189
