"set","iteration","row_id"
"train",1,11
"train",1,17
"train",1,24
"train",1,30
"train",1,43
"train",1,54
"train",1,61
"train",1,72
"train",1,74
"train",1,75
"train",1,92
"train",1,95
"train",1,97
"train",1,107
"train",1,108
"train",1,114
"train",1,147
"train",1,150
"train",1,156
"train",1,160
"train",1,170
"train",1,176
"train",1,216
"train",1,219
"train",1,221
"train",1,243
"train",1,249
"train",1,250
"train",1,252
"train",1,255
"train",1,260
"train",1,267
"train",1,279
"train",1,291
"train",1,301
"train",1,302
"train",1,313
"train",1,321
"train",1,322
"train",1,330
"train",1,335
"train",1,336
"train",1,339
"train",1,346
"train",1,362
"train",1,369
"train",1,374
"train",1,382
"train",1,385
"train",1,398
"train",1,422
"train",1,427
"train",1,431
"train",1,432
"train",1,440
"train",1,442
"train",1,446
"train",1,449
"train",1,450
"train",1,451
"train",1,467
"train",1,481
"train",1,483
"train",1,486
"train",1,497
"train",1,509
"train",1,526
"train",1,560
"train",1,571
"train",1,573
"train",1,576
"train",1,592
"train",1,623
"train",1,628
"train",1,636
"train",1,654
"train",1,670
"train",1,672
"train",1,673
"train",1,676
"train",1,679
"train",1,685
"train",1,693
"train",1,699
"train",1,710
"train",1,711
"train",1,718
"train",1,736
"train",1,744
"train",1,753
"train",1,759
"train",1,761
"train",1,770
"train",1,772
"train",1,773
"train",1,774
"train",1,781
"train",1,786
"train",1,799
"train",1,801
"train",1,804
"train",1,846
"train",1,850
"train",1,863
"train",1,869
"train",1,876
"train",1,8
"train",1,13
"train",1,16
"train",1,19
"train",1,23
"train",1,32
"train",1,39
"train",1,40
"train",1,44
"train",1,48
"train",1,52
"train",1,56
"train",1,57
"train",1,66
"train",1,84
"train",1,116
"train",1,122
"train",1,124
"train",1,129
"train",1,152
"train",1,165
"train",1,177
"train",1,187
"train",1,197
"train",1,205
"train",1,206
"train",1,210
"train",1,213
"train",1,236
"train",1,253
"train",1,265
"train",1,270
"train",1,298
"train",1,303
"train",1,304
"train",1,325
"train",1,331
"train",1,342
"train",1,343
"train",1,352
"train",1,357
"train",1,359
"train",1,366
"train",1,378
"train",1,388
"train",1,389
"train",1,400
"train",1,407
"train",1,414
"train",1,415
"train",1,416
"train",1,425
"train",1,430
"train",1,435
"train",1,458
"train",1,475
"train",1,491
"train",1,500
"train",1,501
"train",1,508
"train",1,513
"train",1,514
"train",1,515
"train",1,519
"train",1,522
"train",1,523
"train",1,532
"train",1,533
"train",1,537
"train",1,551
"train",1,556
"train",1,564
"train",1,570
"train",1,594
"train",1,596
"train",1,617
"train",1,629
"train",1,630
"train",1,633
"train",1,653
"train",1,660
"train",1,664
"train",1,674
"train",1,686
"train",1,688
"train",1,708
"train",1,719
"train",1,737
"train",1,741
"train",1,750
"train",1,762
"train",1,768
"train",1,771
"train",1,796
"train",1,797
"train",1,805
"train",1,809
"train",1,811
"train",1,817
"train",1,821
"train",1,832
"train",1,838
"train",1,847
"train",1,857
"train",1,872
"train",1,875
"train",1,6
"train",1,7
"train",1,9
"train",1,12
"train",1,36
"train",1,47
"train",1,65
"train",1,67
"train",1,71
"train",1,87
"train",1,90
"train",1,96
"train",1,99
"train",1,112
"train",1,113
"train",1,117
"train",1,118
"train",1,121
"train",1,139
"train",1,140
"train",1,141
"train",1,144
"train",1,149
"train",1,155
"train",1,167
"train",1,168
"train",1,174
"train",1,179
"train",1,211
"train",1,223
"train",1,225
"train",1,226
"train",1,244
"train",1,247
"train",1,262
"train",1,263
"train",1,271
"train",1,273
"train",1,275
"train",1,281
"train",1,286
"train",1,287
"train",1,323
"train",1,338
"train",1,353
"train",1,355
"train",1,358
"train",1,364
"train",1,365
"train",1,386
"train",1,392
"train",1,399
"train",1,404
"train",1,426
"train",1,428
"train",1,436
"train",1,439
"train",1,441
"train",1,443
"train",1,461
"train",1,463
"train",1,482
"train",1,488
"train",1,490
"train",1,495
"train",1,503
"train",1,504
"train",1,505
"train",1,506
"train",1,511
"train",1,541
"train",1,542
"train",1,550
"train",1,552
"train",1,586
"train",1,605
"train",1,608
"train",1,611
"train",1,615
"train",1,626
"train",1,632
"train",1,639
"train",1,644
"train",1,675
"train",1,682
"train",1,684
"train",1,702
"train",1,705
"train",1,712
"train",1,723
"train",1,731
"train",1,789
"train",1,792
"train",1,800
"train",1,806
"train",1,814
"train",1,816
"train",1,824
"train",1,831
"train",1,834
"train",1,836
"train",1,845
"train",1,848
"train",1,859
"train",1,866
"train",1,874
"train",1,1
"train",1,2
"train",1,21
"train",1,25
"train",1,28
"train",1,33
"train",1,59
"train",1,60
"train",1,68
"train",1,70
"train",1,80
"train",1,82
"train",1,83
"train",1,93
"train",1,102
"train",1,104
"train",1,126
"train",1,128
"train",1,151
"train",1,162
"train",1,164
"train",1,169
"train",1,180
"train",1,190
"train",1,192
"train",1,193
"train",1,194
"train",1,201
"train",1,202
"train",1,203
"train",1,208
"train",1,220
"train",1,224
"train",1,228
"train",1,231
"train",1,232
"train",1,239
"train",1,246
"train",1,251
"train",1,254
"train",1,257
"train",1,264
"train",1,276
"train",1,296
"train",1,311
"train",1,312
"train",1,327
"train",1,329
"train",1,332
"train",1,333
"train",1,356
"train",1,361
"train",1,395
"train",1,412
"train",1,413
"train",1,419
"train",1,421
"train",1,424
"train",1,433
"train",1,453
"train",1,455
"train",1,472
"train",1,493
"train",1,499
"train",1,502
"train",1,516
"train",1,525
"train",1,529
"train",1,538
"train",1,540
"train",1,548
"train",1,558
"train",1,562
"train",1,569
"train",1,580
"train",1,590
"train",1,602
"train",1,618
"train",1,627
"train",1,631
"train",1,645
"train",1,659
"train",1,683
"train",1,691
"train",1,695
"train",1,700
"train",1,720
"train",1,724
"train",1,730
"train",1,742
"train",1,748
"train",1,775
"train",1,777
"train",1,788
"train",1,793
"train",1,795
"train",1,812
"train",1,818
"train",1,825
"train",1,827
"train",1,839
"train",1,851
"train",1,856
"train",1,858
"train",1,870
"train",1,871
"train",1,14
"train",1,62
"train",1,85
"train",1,91
"train",1,100
"train",1,101
"train",1,127
"train",1,133
"train",1,134
"train",1,142
"train",1,143
"train",1,145
"train",1,153
"train",1,178
"train",1,184
"train",1,185
"train",1,195
"train",1,204
"train",1,238
"train",1,242
"train",1,261
"train",1,266
"train",1,299
"train",1,306
"train",1,317
"train",1,340
"train",1,341
"train",1,350
"train",1,351
"train",1,354
"train",1,368
"train",1,401
"train",1,402
"train",1,410
"train",1,460
"train",1,473
"train",1,484
"train",1,485
"train",1,512
"train",1,517
"train",1,539
"train",1,543
"train",1,554
"train",1,565
"train",1,575
"train",1,597
"train",1,614
"train",1,648
"train",1,692
"train",1,704
"train",1,707
"train",1,713
"train",1,717
"train",1,733
"train",1,734
"train",1,743
"train",1,746
"train",1,755
"train",1,757
"train",1,767
"train",1,776
"train",1,779
"train",1,787
"train",1,790
"train",1,798
"train",1,815
"train",1,819
"train",1,822
"train",1,826
"train",1,829
"train",1,10
"train",1,20
"train",1,31
"train",1,34
"train",1,37
"train",1,41
"train",1,49
"train",1,58
"train",1,64
"train",1,78
"train",1,81
"train",1,86
"train",1,88
"train",1,120
"train",1,131
"train",1,135
"train",1,159
"train",1,182
"train",1,233
"train",1,248
"train",1,269
"train",1,272
"train",1,283
"train",1,284
"train",1,285
"train",1,318
"train",1,337
"train",1,373
"train",1,393
"train",1,405
"train",1,411
"train",1,418
"train",1,448
"train",1,462
"train",1,465
"train",1,469
"train",1,479
"train",1,498
"train",1,549
"train",1,555
"train",1,559
"train",1,584
"train",1,589
"train",1,604
"train",1,635
"train",1,643
"train",1,647
"train",1,655
"train",1,662
"train",1,663
"train",1,665
"train",1,667
"train",1,687
"train",1,694
"train",1,696
"train",1,706
"train",1,715
"train",1,721
"train",1,739
"train",1,778
"train",1,785
"train",1,794
"train",1,807
"train",1,810
"train",1,828
"train",1,842
"train",1,852
"train",1,865
"train",1,867
"train",1,4
"train",1,5
"train",1,35
"train",1,42
"train",1,55
"train",1,98
"train",1,103
"train",1,105
"train",1,109
"train",1,115
"train",1,163
"train",1,166
"train",1,173
"train",1,188
"train",1,189
"train",1,196
"train",1,214
"train",1,217
"train",1,235
"train",1,245
"train",1,268
"train",1,289
"train",1,294
"train",1,297
"train",1,300
"train",1,309
"train",1,314
"train",1,324
"train",1,326
"train",1,349
"train",1,371
"train",1,380
"train",1,391
"train",1,403
"train",1,445
"train",1,466
"train",1,487
"train",1,492
"train",1,507
"train",1,521
"train",1,527
"train",1,530
"train",1,531
"train",1,563
"train",1,568
"train",1,582
"train",1,585
"train",1,593
"train",1,595
"train",1,600
"train",1,616
"train",1,619
"train",1,624
"train",1,668
"train",1,669
"train",1,671
"train",1,678
"train",1,727
"train",1,728
"train",1,735
"train",1,747
"train",1,754
"train",1,758
"train",1,764
"train",1,765
"train",1,782
"train",1,784
"train",1,808
"train",1,877
"train",1,18
"train",1,45
"train",1,46
"train",1,50
"train",1,73
"train",1,76
"train",1,110
"train",1,111
"train",1,130
"train",1,137
"train",1,138
"train",1,146
"train",1,161
"train",1,212
"train",1,229
"train",1,230
"train",1,256
"train",1,259
"train",1,277
"train",1,278
"train",1,282
"train",1,308
"train",1,316
"train",1,344
"train",1,363
"train",1,370
"train",1,381
"train",1,408
"train",1,417
"train",1,429
"train",1,447
"train",1,454
"train",1,459
"train",1,464
"train",1,468
"train",1,474
"train",1,480
"train",1,489
"train",1,496
"train",1,524
"train",1,534
"train",1,535
"train",1,544
"train",1,545
"train",1,578
"train",1,579
"train",1,581
"train",1,583
"train",1,591
"train",1,606
"train",1,607
"train",1,625
"train",1,637
"train",1,652
"train",1,656
"train",1,661
"train",1,714
"train",1,725
"train",1,732
"train",1,760
"train",1,766
"train",1,769
"train",1,820
"train",1,823
"train",1,835
"train",1,840
"train",1,841
"train",1,854
"train",1,861
"train",2,3
"train",2,15
"train",2,22
"train",2,26
"train",2,27
"train",2,29
"train",2,89
"train",2,94
"train",2,106
"train",2,119
"train",2,123
"train",2,125
"train",2,132
"train",2,154
"train",2,172
"train",2,175
"train",2,181
"train",2,183
"train",2,186
"train",2,191
"train",2,198
"train",2,199
"train",2,215
"train",2,218
"train",2,222
"train",2,234
"train",2,240
"train",2,241
"train",2,258
"train",2,274
"train",2,280
"train",2,290
"train",2,292
"train",2,293
"train",2,295
"train",2,305
"train",2,310
"train",2,315
"train",2,328
"train",2,334
"train",2,360
"train",2,367
"train",2,376
"train",2,377
"train",2,379
"train",2,384
"train",2,396
"train",2,397
"train",2,406
"train",2,434
"train",2,444
"train",2,452
"train",2,470
"train",2,471
"train",2,476
"train",2,478
"train",2,510
"train",2,518
"train",2,520
"train",2,557
"train",2,561
"train",2,566
"train",2,567
"train",2,572
"train",2,577
"train",2,587
"train",2,588
"train",2,599
"train",2,601
"train",2,610
"train",2,613
"train",2,621
"train",2,622
"train",2,634
"train",2,638
"train",2,640
"train",2,646
"train",2,649
"train",2,658
"train",2,680
"train",2,689
"train",2,690
"train",2,698
"train",2,701
"train",2,703
"train",2,709
"train",2,722
"train",2,729
"train",2,745
"train",2,749
"train",2,751
"train",2,752
"train",2,791
"train",2,802
"train",2,803
"train",2,813
"train",2,830
"train",2,837
"train",2,843
"train",2,844
"train",2,849
"train",2,855
"train",2,862
"train",2,864
"train",2,868
"train",2,873
"train",2,8
"train",2,13
"train",2,16
"train",2,19
"train",2,23
"train",2,32
"train",2,39
"train",2,40
"train",2,44
"train",2,48
"train",2,52
"train",2,56
"train",2,57
"train",2,66
"train",2,84
"train",2,116
"train",2,122
"train",2,124
"train",2,129
"train",2,152
"train",2,165
"train",2,177
"train",2,187
"train",2,197
"train",2,205
"train",2,206
"train",2,210
"train",2,213
"train",2,236
"train",2,253
"train",2,265
"train",2,270
"train",2,298
"train",2,303
"train",2,304
"train",2,325
"train",2,331
"train",2,342
"train",2,343
"train",2,352
"train",2,357
"train",2,359
"train",2,366
"train",2,378
"train",2,388
"train",2,389
"train",2,400
"train",2,407
"train",2,414
"train",2,415
"train",2,416
"train",2,425
"train",2,430
"train",2,435
"train",2,458
"train",2,475
"train",2,491
"train",2,500
"train",2,501
"train",2,508
"train",2,513
"train",2,514
"train",2,515
"train",2,519
"train",2,522
"train",2,523
"train",2,532
"train",2,533
"train",2,537
"train",2,551
"train",2,556
"train",2,564
"train",2,570
"train",2,594
"train",2,596
"train",2,617
"train",2,629
"train",2,630
"train",2,633
"train",2,653
"train",2,660
"train",2,664
"train",2,674
"train",2,686
"train",2,688
"train",2,708
"train",2,719
"train",2,737
"train",2,741
"train",2,750
"train",2,762
"train",2,768
"train",2,771
"train",2,796
"train",2,797
"train",2,805
"train",2,809
"train",2,811
"train",2,817
"train",2,821
"train",2,832
"train",2,838
"train",2,847
"train",2,857
"train",2,872
"train",2,875
"train",2,6
"train",2,7
"train",2,9
"train",2,12
"train",2,36
"train",2,47
"train",2,65
"train",2,67
"train",2,71
"train",2,87
"train",2,90
"train",2,96
"train",2,99
"train",2,112
"train",2,113
"train",2,117
"train",2,118
"train",2,121
"train",2,139
"train",2,140
"train",2,141
"train",2,144
"train",2,149
"train",2,155
"train",2,167
"train",2,168
"train",2,174
"train",2,179
"train",2,211
"train",2,223
"train",2,225
"train",2,226
"train",2,244
"train",2,247
"train",2,262
"train",2,263
"train",2,271
"train",2,273
"train",2,275
"train",2,281
"train",2,286
"train",2,287
"train",2,323
"train",2,338
"train",2,353
"train",2,355
"train",2,358
"train",2,364
"train",2,365
"train",2,386
"train",2,392
"train",2,399
"train",2,404
"train",2,426
"train",2,428
"train",2,436
"train",2,439
"train",2,441
"train",2,443
"train",2,461
"train",2,463
"train",2,482
"train",2,488
"train",2,490
"train",2,495
"train",2,503
"train",2,504
"train",2,505
"train",2,506
"train",2,511
"train",2,541
"train",2,542
"train",2,550
"train",2,552
"train",2,586
"train",2,605
"train",2,608
"train",2,611
"train",2,615
"train",2,626
"train",2,632
"train",2,639
"train",2,644
"train",2,675
"train",2,682
"train",2,684
"train",2,702
"train",2,705
"train",2,712
"train",2,723
"train",2,731
"train",2,789
"train",2,792
"train",2,800
"train",2,806
"train",2,814
"train",2,816
"train",2,824
"train",2,831
"train",2,834
"train",2,836
"train",2,845
"train",2,848
"train",2,859
"train",2,866
"train",2,874
"train",2,1
"train",2,2
"train",2,21
"train",2,25
"train",2,28
"train",2,33
"train",2,59
"train",2,60
"train",2,68
"train",2,70
"train",2,80
"train",2,82
"train",2,83
"train",2,93
"train",2,102
"train",2,104
"train",2,126
"train",2,128
"train",2,151
"train",2,162
"train",2,164
"train",2,169
"train",2,180
"train",2,190
"train",2,192
"train",2,193
"train",2,194
"train",2,201
"train",2,202
"train",2,203
"train",2,208
"train",2,220
"train",2,224
"train",2,228
"train",2,231
"train",2,232
"train",2,239
"train",2,246
"train",2,251
"train",2,254
"train",2,257
"train",2,264
"train",2,276
"train",2,296
"train",2,311
"train",2,312
"train",2,327
"train",2,329
"train",2,332
"train",2,333
"train",2,356
"train",2,361
"train",2,395
"train",2,412
"train",2,413
"train",2,419
"train",2,421
"train",2,424
"train",2,433
"train",2,453
"train",2,455
"train",2,472
"train",2,493
"train",2,499
"train",2,502
"train",2,516
"train",2,525
"train",2,529
"train",2,538
"train",2,540
"train",2,548
"train",2,558
"train",2,562
"train",2,569
"train",2,580
"train",2,590
"train",2,602
"train",2,618
"train",2,627
"train",2,631
"train",2,645
"train",2,659
"train",2,683
"train",2,691
"train",2,695
"train",2,700
"train",2,720
"train",2,724
"train",2,730
"train",2,742
"train",2,748
"train",2,775
"train",2,777
"train",2,788
"train",2,793
"train",2,795
"train",2,812
"train",2,818
"train",2,825
"train",2,827
"train",2,839
"train",2,851
"train",2,856
"train",2,858
"train",2,870
"train",2,871
"train",2,38
"train",2,51
"train",2,53
"train",2,63
"train",2,69
"train",2,77
"train",2,79
"train",2,136
"train",2,148
"train",2,157
"train",2,158
"train",2,171
"train",2,200
"train",2,207
"train",2,209
"train",2,227
"train",2,237
"train",2,288
"train",2,307
"train",2,319
"train",2,320
"train",2,345
"train",2,347
"train",2,348
"train",2,372
"train",2,375
"train",2,383
"train",2,387
"train",2,390
"train",2,394
"train",2,409
"train",2,420
"train",2,423
"train",2,437
"train",2,438
"train",2,456
"train",2,457
"train",2,477
"train",2,494
"train",2,528
"train",2,536
"train",2,546
"train",2,547
"train",2,553
"train",2,574
"train",2,598
"train",2,603
"train",2,609
"train",2,612
"train",2,620
"train",2,641
"train",2,642
"train",2,650
"train",2,651
"train",2,657
"train",2,666
"train",2,677
"train",2,681
"train",2,697
"train",2,716
"train",2,726
"train",2,738
"train",2,740
"train",2,756
"train",2,763
"train",2,780
"train",2,783
"train",2,833
"train",2,853
"train",2,860
"train",2,10
"train",2,20
"train",2,31
"train",2,34
"train",2,37
"train",2,41
"train",2,49
"train",2,58
"train",2,64
"train",2,78
"train",2,81
"train",2,86
"train",2,88
"train",2,120
"train",2,131
"train",2,135
"train",2,159
"train",2,182
"train",2,233
"train",2,248
"train",2,269
"train",2,272
"train",2,283
"train",2,284
"train",2,285
"train",2,318
"train",2,337
"train",2,373
"train",2,393
"train",2,405
"train",2,411
"train",2,418
"train",2,448
"train",2,462
"train",2,465
"train",2,469
"train",2,479
"train",2,498
"train",2,549
"train",2,555
"train",2,559
"train",2,584
"train",2,589
"train",2,604
"train",2,635
"train",2,643
"train",2,647
"train",2,655
"train",2,662
"train",2,663
"train",2,665
"train",2,667
"train",2,687
"train",2,694
"train",2,696
"train",2,706
"train",2,715
"train",2,721
"train",2,739
"train",2,778
"train",2,785
"train",2,794
"train",2,807
"train",2,810
"train",2,828
"train",2,842
"train",2,852
"train",2,865
"train",2,867
"train",2,4
"train",2,5
"train",2,35
"train",2,42
"train",2,55
"train",2,98
"train",2,103
"train",2,105
"train",2,109
"train",2,115
"train",2,163
"train",2,166
"train",2,173
"train",2,188
"train",2,189
"train",2,196
"train",2,214
"train",2,217
"train",2,235
"train",2,245
"train",2,268
"train",2,289
"train",2,294
"train",2,297
"train",2,300
"train",2,309
"train",2,314
"train",2,324
"train",2,326
"train",2,349
"train",2,371
"train",2,380
"train",2,391
"train",2,403
"train",2,445
"train",2,466
"train",2,487
"train",2,492
"train",2,507
"train",2,521
"train",2,527
"train",2,530
"train",2,531
"train",2,563
"train",2,568
"train",2,582
"train",2,585
"train",2,593
"train",2,595
"train",2,600
"train",2,616
"train",2,619
"train",2,624
"train",2,668
"train",2,669
"train",2,671
"train",2,678
"train",2,727
"train",2,728
"train",2,735
"train",2,747
"train",2,754
"train",2,758
"train",2,764
"train",2,765
"train",2,782
"train",2,784
"train",2,808
"train",2,877
"train",2,18
"train",2,45
"train",2,46
"train",2,50
"train",2,73
"train",2,76
"train",2,110
"train",2,111
"train",2,130
"train",2,137
"train",2,138
"train",2,146
"train",2,161
"train",2,212
"train",2,229
"train",2,230
"train",2,256
"train",2,259
"train",2,277
"train",2,278
"train",2,282
"train",2,308
"train",2,316
"train",2,344
"train",2,363
"train",2,370
"train",2,381
"train",2,408
"train",2,417
"train",2,429
"train",2,447
"train",2,454
"train",2,459
"train",2,464
"train",2,468
"train",2,474
"train",2,480
"train",2,489
"train",2,496
"train",2,524
"train",2,534
"train",2,535
"train",2,544
"train",2,545
"train",2,578
"train",2,579
"train",2,581
"train",2,583
"train",2,591
"train",2,606
"train",2,607
"train",2,625
"train",2,637
"train",2,652
"train",2,656
"train",2,661
"train",2,714
"train",2,725
"train",2,732
"train",2,760
"train",2,766
"train",2,769
"train",2,820
"train",2,823
"train",2,835
"train",2,840
"train",2,841
"train",2,854
"train",2,861
"train",3,3
"train",3,15
"train",3,22
"train",3,26
"train",3,27
"train",3,29
"train",3,89
"train",3,94
"train",3,106
"train",3,119
"train",3,123
"train",3,125
"train",3,132
"train",3,154
"train",3,172
"train",3,175
"train",3,181
"train",3,183
"train",3,186
"train",3,191
"train",3,198
"train",3,199
"train",3,215
"train",3,218
"train",3,222
"train",3,234
"train",3,240
"train",3,241
"train",3,258
"train",3,274
"train",3,280
"train",3,290
"train",3,292
"train",3,293
"train",3,295
"train",3,305
"train",3,310
"train",3,315
"train",3,328
"train",3,334
"train",3,360
"train",3,367
"train",3,376
"train",3,377
"train",3,379
"train",3,384
"train",3,396
"train",3,397
"train",3,406
"train",3,434
"train",3,444
"train",3,452
"train",3,470
"train",3,471
"train",3,476
"train",3,478
"train",3,510
"train",3,518
"train",3,520
"train",3,557
"train",3,561
"train",3,566
"train",3,567
"train",3,572
"train",3,577
"train",3,587
"train",3,588
"train",3,599
"train",3,601
"train",3,610
"train",3,613
"train",3,621
"train",3,622
"train",3,634
"train",3,638
"train",3,640
"train",3,646
"train",3,649
"train",3,658
"train",3,680
"train",3,689
"train",3,690
"train",3,698
"train",3,701
"train",3,703
"train",3,709
"train",3,722
"train",3,729
"train",3,745
"train",3,749
"train",3,751
"train",3,752
"train",3,791
"train",3,802
"train",3,803
"train",3,813
"train",3,830
"train",3,837
"train",3,843
"train",3,844
"train",3,849
"train",3,855
"train",3,862
"train",3,864
"train",3,868
"train",3,873
"train",3,11
"train",3,17
"train",3,24
"train",3,30
"train",3,43
"train",3,54
"train",3,61
"train",3,72
"train",3,74
"train",3,75
"train",3,92
"train",3,95
"train",3,97
"train",3,107
"train",3,108
"train",3,114
"train",3,147
"train",3,150
"train",3,156
"train",3,160
"train",3,170
"train",3,176
"train",3,216
"train",3,219
"train",3,221
"train",3,243
"train",3,249
"train",3,250
"train",3,252
"train",3,255
"train",3,260
"train",3,267
"train",3,279
"train",3,291
"train",3,301
"train",3,302
"train",3,313
"train",3,321
"train",3,322
"train",3,330
"train",3,335
"train",3,336
"train",3,339
"train",3,346
"train",3,362
"train",3,369
"train",3,374
"train",3,382
"train",3,385
"train",3,398
"train",3,422
"train",3,427
"train",3,431
"train",3,432
"train",3,440
"train",3,442
"train",3,446
"train",3,449
"train",3,450
"train",3,451
"train",3,467
"train",3,481
"train",3,483
"train",3,486
"train",3,497
"train",3,509
"train",3,526
"train",3,560
"train",3,571
"train",3,573
"train",3,576
"train",3,592
"train",3,623
"train",3,628
"train",3,636
"train",3,654
"train",3,670
"train",3,672
"train",3,673
"train",3,676
"train",3,679
"train",3,685
"train",3,693
"train",3,699
"train",3,710
"train",3,711
"train",3,718
"train",3,736
"train",3,744
"train",3,753
"train",3,759
"train",3,761
"train",3,770
"train",3,772
"train",3,773
"train",3,774
"train",3,781
"train",3,786
"train",3,799
"train",3,801
"train",3,804
"train",3,846
"train",3,850
"train",3,863
"train",3,869
"train",3,876
"train",3,6
"train",3,7
"train",3,9
"train",3,12
"train",3,36
"train",3,47
"train",3,65
"train",3,67
"train",3,71
"train",3,87
"train",3,90
"train",3,96
"train",3,99
"train",3,112
"train",3,113
"train",3,117
"train",3,118
"train",3,121
"train",3,139
"train",3,140
"train",3,141
"train",3,144
"train",3,149
"train",3,155
"train",3,167
"train",3,168
"train",3,174
"train",3,179
"train",3,211
"train",3,223
"train",3,225
"train",3,226
"train",3,244
"train",3,247
"train",3,262
"train",3,263
"train",3,271
"train",3,273
"train",3,275
"train",3,281
"train",3,286
"train",3,287
"train",3,323
"train",3,338
"train",3,353
"train",3,355
"train",3,358
"train",3,364
"train",3,365
"train",3,386
"train",3,392
"train",3,399
"train",3,404
"train",3,426
"train",3,428
"train",3,436
"train",3,439
"train",3,441
"train",3,443
"train",3,461
"train",3,463
"train",3,482
"train",3,488
"train",3,490
"train",3,495
"train",3,503
"train",3,504
"train",3,505
"train",3,506
"train",3,511
"train",3,541
"train",3,542
"train",3,550
"train",3,552
"train",3,586
"train",3,605
"train",3,608
"train",3,611
"train",3,615
"train",3,626
"train",3,632
"train",3,639
"train",3,644
"train",3,675
"train",3,682
"train",3,684
"train",3,702
"train",3,705
"train",3,712
"train",3,723
"train",3,731
"train",3,789
"train",3,792
"train",3,800
"train",3,806
"train",3,814
"train",3,816
"train",3,824
"train",3,831
"train",3,834
"train",3,836
"train",3,845
"train",3,848
"train",3,859
"train",3,866
"train",3,874
"train",3,1
"train",3,2
"train",3,21
"train",3,25
"train",3,28
"train",3,33
"train",3,59
"train",3,60
"train",3,68
"train",3,70
"train",3,80
"train",3,82
"train",3,83
"train",3,93
"train",3,102
"train",3,104
"train",3,126
"train",3,128
"train",3,151
"train",3,162
"train",3,164
"train",3,169
"train",3,180
"train",3,190
"train",3,192
"train",3,193
"train",3,194
"train",3,201
"train",3,202
"train",3,203
"train",3,208
"train",3,220
"train",3,224
"train",3,228
"train",3,231
"train",3,232
"train",3,239
"train",3,246
"train",3,251
"train",3,254
"train",3,257
"train",3,264
"train",3,276
"train",3,296
"train",3,311
"train",3,312
"train",3,327
"train",3,329
"train",3,332
"train",3,333
"train",3,356
"train",3,361
"train",3,395
"train",3,412
"train",3,413
"train",3,419
"train",3,421
"train",3,424
"train",3,433
"train",3,453
"train",3,455
"train",3,472
"train",3,493
"train",3,499
"train",3,502
"train",3,516
"train",3,525
"train",3,529
"train",3,538
"train",3,540
"train",3,548
"train",3,558
"train",3,562
"train",3,569
"train",3,580
"train",3,590
"train",3,602
"train",3,618
"train",3,627
"train",3,631
"train",3,645
"train",3,659
"train",3,683
"train",3,691
"train",3,695
"train",3,700
"train",3,720
"train",3,724
"train",3,730
"train",3,742
"train",3,748
"train",3,775
"train",3,777
"train",3,788
"train",3,793
"train",3,795
"train",3,812
"train",3,818
"train",3,825
"train",3,827
"train",3,839
"train",3,851
"train",3,856
"train",3,858
"train",3,870
"train",3,871
"train",3,38
"train",3,51
"train",3,53
"train",3,63
"train",3,69
"train",3,77
"train",3,79
"train",3,136
"train",3,148
"train",3,157
"train",3,158
"train",3,171
"train",3,200
"train",3,207
"train",3,209
"train",3,227
"train",3,237
"train",3,288
"train",3,307
"train",3,319
"train",3,320
"train",3,345
"train",3,347
"train",3,348
"train",3,372
"train",3,375
"train",3,383
"train",3,387
"train",3,390
"train",3,394
"train",3,409
"train",3,420
"train",3,423
"train",3,437
"train",3,438
"train",3,456
"train",3,457
"train",3,477
"train",3,494
"train",3,528
"train",3,536
"train",3,546
"train",3,547
"train",3,553
"train",3,574
"train",3,598
"train",3,603
"train",3,609
"train",3,612
"train",3,620
"train",3,641
"train",3,642
"train",3,650
"train",3,651
"train",3,657
"train",3,666
"train",3,677
"train",3,681
"train",3,697
"train",3,716
"train",3,726
"train",3,738
"train",3,740
"train",3,756
"train",3,763
"train",3,780
"train",3,783
"train",3,833
"train",3,853
"train",3,860
"train",3,14
"train",3,62
"train",3,85
"train",3,91
"train",3,100
"train",3,101
"train",3,127
"train",3,133
"train",3,134
"train",3,142
"train",3,143
"train",3,145
"train",3,153
"train",3,178
"train",3,184
"train",3,185
"train",3,195
"train",3,204
"train",3,238
"train",3,242
"train",3,261
"train",3,266
"train",3,299
"train",3,306
"train",3,317
"train",3,340
"train",3,341
"train",3,350
"train",3,351
"train",3,354
"train",3,368
"train",3,401
"train",3,402
"train",3,410
"train",3,460
"train",3,473
"train",3,484
"train",3,485
"train",3,512
"train",3,517
"train",3,539
"train",3,543
"train",3,554
"train",3,565
"train",3,575
"train",3,597
"train",3,614
"train",3,648
"train",3,692
"train",3,704
"train",3,707
"train",3,713
"train",3,717
"train",3,733
"train",3,734
"train",3,743
"train",3,746
"train",3,755
"train",3,757
"train",3,767
"train",3,776
"train",3,779
"train",3,787
"train",3,790
"train",3,798
"train",3,815
"train",3,819
"train",3,822
"train",3,826
"train",3,829
"train",3,4
"train",3,5
"train",3,35
"train",3,42
"train",3,55
"train",3,98
"train",3,103
"train",3,105
"train",3,109
"train",3,115
"train",3,163
"train",3,166
"train",3,173
"train",3,188
"train",3,189
"train",3,196
"train",3,214
"train",3,217
"train",3,235
"train",3,245
"train",3,268
"train",3,289
"train",3,294
"train",3,297
"train",3,300
"train",3,309
"train",3,314
"train",3,324
"train",3,326
"train",3,349
"train",3,371
"train",3,380
"train",3,391
"train",3,403
"train",3,445
"train",3,466
"train",3,487
"train",3,492
"train",3,507
"train",3,521
"train",3,527
"train",3,530
"train",3,531
"train",3,563
"train",3,568
"train",3,582
"train",3,585
"train",3,593
"train",3,595
"train",3,600
"train",3,616
"train",3,619
"train",3,624
"train",3,668
"train",3,669
"train",3,671
"train",3,678
"train",3,727
"train",3,728
"train",3,735
"train",3,747
"train",3,754
"train",3,758
"train",3,764
"train",3,765
"train",3,782
"train",3,784
"train",3,808
"train",3,877
"train",3,18
"train",3,45
"train",3,46
"train",3,50
"train",3,73
"train",3,76
"train",3,110
"train",3,111
"train",3,130
"train",3,137
"train",3,138
"train",3,146
"train",3,161
"train",3,212
"train",3,229
"train",3,230
"train",3,256
"train",3,259
"train",3,277
"train",3,278
"train",3,282
"train",3,308
"train",3,316
"train",3,344
"train",3,363
"train",3,370
"train",3,381
"train",3,408
"train",3,417
"train",3,429
"train",3,447
"train",3,454
"train",3,459
"train",3,464
"train",3,468
"train",3,474
"train",3,480
"train",3,489
"train",3,496
"train",3,524
"train",3,534
"train",3,535
"train",3,544
"train",3,545
"train",3,578
"train",3,579
"train",3,581
"train",3,583
"train",3,591
"train",3,606
"train",3,607
"train",3,625
"train",3,637
"train",3,652
"train",3,656
"train",3,661
"train",3,714
"train",3,725
"train",3,732
"train",3,760
"train",3,766
"train",3,769
"train",3,820
"train",3,823
"train",3,835
"train",3,840
"train",3,841
"train",3,854
"train",3,861
"train",4,3
"train",4,15
"train",4,22
"train",4,26
"train",4,27
"train",4,29
"train",4,89
"train",4,94
"train",4,106
"train",4,119
"train",4,123
"train",4,125
"train",4,132
"train",4,154
"train",4,172
"train",4,175
"train",4,181
"train",4,183
"train",4,186
"train",4,191
"train",4,198
"train",4,199
"train",4,215
"train",4,218
"train",4,222
"train",4,234
"train",4,240
"train",4,241
"train",4,258
"train",4,274
"train",4,280
"train",4,290
"train",4,292
"train",4,293
"train",4,295
"train",4,305
"train",4,310
"train",4,315
"train",4,328
"train",4,334
"train",4,360
"train",4,367
"train",4,376
"train",4,377
"train",4,379
"train",4,384
"train",4,396
"train",4,397
"train",4,406
"train",4,434
"train",4,444
"train",4,452
"train",4,470
"train",4,471
"train",4,476
"train",4,478
"train",4,510
"train",4,518
"train",4,520
"train",4,557
"train",4,561
"train",4,566
"train",4,567
"train",4,572
"train",4,577
"train",4,587
"train",4,588
"train",4,599
"train",4,601
"train",4,610
"train",4,613
"train",4,621
"train",4,622
"train",4,634
"train",4,638
"train",4,640
"train",4,646
"train",4,649
"train",4,658
"train",4,680
"train",4,689
"train",4,690
"train",4,698
"train",4,701
"train",4,703
"train",4,709
"train",4,722
"train",4,729
"train",4,745
"train",4,749
"train",4,751
"train",4,752
"train",4,791
"train",4,802
"train",4,803
"train",4,813
"train",4,830
"train",4,837
"train",4,843
"train",4,844
"train",4,849
"train",4,855
"train",4,862
"train",4,864
"train",4,868
"train",4,873
"train",4,11
"train",4,17
"train",4,24
"train",4,30
"train",4,43
"train",4,54
"train",4,61
"train",4,72
"train",4,74
"train",4,75
"train",4,92
"train",4,95
"train",4,97
"train",4,107
"train",4,108
"train",4,114
"train",4,147
"train",4,150
"train",4,156
"train",4,160
"train",4,170
"train",4,176
"train",4,216
"train",4,219
"train",4,221
"train",4,243
"train",4,249
"train",4,250
"train",4,252
"train",4,255
"train",4,260
"train",4,267
"train",4,279
"train",4,291
"train",4,301
"train",4,302
"train",4,313
"train",4,321
"train",4,322
"train",4,330
"train",4,335
"train",4,336
"train",4,339
"train",4,346
"train",4,362
"train",4,369
"train",4,374
"train",4,382
"train",4,385
"train",4,398
"train",4,422
"train",4,427
"train",4,431
"train",4,432
"train",4,440
"train",4,442
"train",4,446
"train",4,449
"train",4,450
"train",4,451
"train",4,467
"train",4,481
"train",4,483
"train",4,486
"train",4,497
"train",4,509
"train",4,526
"train",4,560
"train",4,571
"train",4,573
"train",4,576
"train",4,592
"train",4,623
"train",4,628
"train",4,636
"train",4,654
"train",4,670
"train",4,672
"train",4,673
"train",4,676
"train",4,679
"train",4,685
"train",4,693
"train",4,699
"train",4,710
"train",4,711
"train",4,718
"train",4,736
"train",4,744
"train",4,753
"train",4,759
"train",4,761
"train",4,770
"train",4,772
"train",4,773
"train",4,774
"train",4,781
"train",4,786
"train",4,799
"train",4,801
"train",4,804
"train",4,846
"train",4,850
"train",4,863
"train",4,869
"train",4,876
"train",4,8
"train",4,13
"train",4,16
"train",4,19
"train",4,23
"train",4,32
"train",4,39
"train",4,40
"train",4,44
"train",4,48
"train",4,52
"train",4,56
"train",4,57
"train",4,66
"train",4,84
"train",4,116
"train",4,122
"train",4,124
"train",4,129
"train",4,152
"train",4,165
"train",4,177
"train",4,187
"train",4,197
"train",4,205
"train",4,206
"train",4,210
"train",4,213
"train",4,236
"train",4,253
"train",4,265
"train",4,270
"train",4,298
"train",4,303
"train",4,304
"train",4,325
"train",4,331
"train",4,342
"train",4,343
"train",4,352
"train",4,357
"train",4,359
"train",4,366
"train",4,378
"train",4,388
"train",4,389
"train",4,400
"train",4,407
"train",4,414
"train",4,415
"train",4,416
"train",4,425
"train",4,430
"train",4,435
"train",4,458
"train",4,475
"train",4,491
"train",4,500
"train",4,501
"train",4,508
"train",4,513
"train",4,514
"train",4,515
"train",4,519
"train",4,522
"train",4,523
"train",4,532
"train",4,533
"train",4,537
"train",4,551
"train",4,556
"train",4,564
"train",4,570
"train",4,594
"train",4,596
"train",4,617
"train",4,629
"train",4,630
"train",4,633
"train",4,653
"train",4,660
"train",4,664
"train",4,674
"train",4,686
"train",4,688
"train",4,708
"train",4,719
"train",4,737
"train",4,741
"train",4,750
"train",4,762
"train",4,768
"train",4,771
"train",4,796
"train",4,797
"train",4,805
"train",4,809
"train",4,811
"train",4,817
"train",4,821
"train",4,832
"train",4,838
"train",4,847
"train",4,857
"train",4,872
"train",4,875
"train",4,1
"train",4,2
"train",4,21
"train",4,25
"train",4,28
"train",4,33
"train",4,59
"train",4,60
"train",4,68
"train",4,70
"train",4,80
"train",4,82
"train",4,83
"train",4,93
"train",4,102
"train",4,104
"train",4,126
"train",4,128
"train",4,151
"train",4,162
"train",4,164
"train",4,169
"train",4,180
"train",4,190
"train",4,192
"train",4,193
"train",4,194
"train",4,201
"train",4,202
"train",4,203
"train",4,208
"train",4,220
"train",4,224
"train",4,228
"train",4,231
"train",4,232
"train",4,239
"train",4,246
"train",4,251
"train",4,254
"train",4,257
"train",4,264
"train",4,276
"train",4,296
"train",4,311
"train",4,312
"train",4,327
"train",4,329
"train",4,332
"train",4,333
"train",4,356
"train",4,361
"train",4,395
"train",4,412
"train",4,413
"train",4,419
"train",4,421
"train",4,424
"train",4,433
"train",4,453
"train",4,455
"train",4,472
"train",4,493
"train",4,499
"train",4,502
"train",4,516
"train",4,525
"train",4,529
"train",4,538
"train",4,540
"train",4,548
"train",4,558
"train",4,562
"train",4,569
"train",4,580
"train",4,590
"train",4,602
"train",4,618
"train",4,627
"train",4,631
"train",4,645
"train",4,659
"train",4,683
"train",4,691
"train",4,695
"train",4,700
"train",4,720
"train",4,724
"train",4,730
"train",4,742
"train",4,748
"train",4,775
"train",4,777
"train",4,788
"train",4,793
"train",4,795
"train",4,812
"train",4,818
"train",4,825
"train",4,827
"train",4,839
"train",4,851
"train",4,856
"train",4,858
"train",4,870
"train",4,871
"train",4,38
"train",4,51
"train",4,53
"train",4,63
"train",4,69
"train",4,77
"train",4,79
"train",4,136
"train",4,148
"train",4,157
"train",4,158
"train",4,171
"train",4,200
"train",4,207
"train",4,209
"train",4,227
"train",4,237
"train",4,288
"train",4,307
"train",4,319
"train",4,320
"train",4,345
"train",4,347
"train",4,348
"train",4,372
"train",4,375
"train",4,383
"train",4,387
"train",4,390
"train",4,394
"train",4,409
"train",4,420
"train",4,423
"train",4,437
"train",4,438
"train",4,456
"train",4,457
"train",4,477
"train",4,494
"train",4,528
"train",4,536
"train",4,546
"train",4,547
"train",4,553
"train",4,574
"train",4,598
"train",4,603
"train",4,609
"train",4,612
"train",4,620
"train",4,641
"train",4,642
"train",4,650
"train",4,651
"train",4,657
"train",4,666
"train",4,677
"train",4,681
"train",4,697
"train",4,716
"train",4,726
"train",4,738
"train",4,740
"train",4,756
"train",4,763
"train",4,780
"train",4,783
"train",4,833
"train",4,853
"train",4,860
"train",4,14
"train",4,62
"train",4,85
"train",4,91
"train",4,100
"train",4,101
"train",4,127
"train",4,133
"train",4,134
"train",4,142
"train",4,143
"train",4,145
"train",4,153
"train",4,178
"train",4,184
"train",4,185
"train",4,195
"train",4,204
"train",4,238
"train",4,242
"train",4,261
"train",4,266
"train",4,299
"train",4,306
"train",4,317
"train",4,340
"train",4,341
"train",4,350
"train",4,351
"train",4,354
"train",4,368
"train",4,401
"train",4,402
"train",4,410
"train",4,460
"train",4,473
"train",4,484
"train",4,485
"train",4,512
"train",4,517
"train",4,539
"train",4,543
"train",4,554
"train",4,565
"train",4,575
"train",4,597
"train",4,614
"train",4,648
"train",4,692
"train",4,704
"train",4,707
"train",4,713
"train",4,717
"train",4,733
"train",4,734
"train",4,743
"train",4,746
"train",4,755
"train",4,757
"train",4,767
"train",4,776
"train",4,779
"train",4,787
"train",4,790
"train",4,798
"train",4,815
"train",4,819
"train",4,822
"train",4,826
"train",4,829
"train",4,10
"train",4,20
"train",4,31
"train",4,34
"train",4,37
"train",4,41
"train",4,49
"train",4,58
"train",4,64
"train",4,78
"train",4,81
"train",4,86
"train",4,88
"train",4,120
"train",4,131
"train",4,135
"train",4,159
"train",4,182
"train",4,233
"train",4,248
"train",4,269
"train",4,272
"train",4,283
"train",4,284
"train",4,285
"train",4,318
"train",4,337
"train",4,373
"train",4,393
"train",4,405
"train",4,411
"train",4,418
"train",4,448
"train",4,462
"train",4,465
"train",4,469
"train",4,479
"train",4,498
"train",4,549
"train",4,555
"train",4,559
"train",4,584
"train",4,589
"train",4,604
"train",4,635
"train",4,643
"train",4,647
"train",4,655
"train",4,662
"train",4,663
"train",4,665
"train",4,667
"train",4,687
"train",4,694
"train",4,696
"train",4,706
"train",4,715
"train",4,721
"train",4,739
"train",4,778
"train",4,785
"train",4,794
"train",4,807
"train",4,810
"train",4,828
"train",4,842
"train",4,852
"train",4,865
"train",4,867
"train",4,18
"train",4,45
"train",4,46
"train",4,50
"train",4,73
"train",4,76
"train",4,110
"train",4,111
"train",4,130
"train",4,137
"train",4,138
"train",4,146
"train",4,161
"train",4,212
"train",4,229
"train",4,230
"train",4,256
"train",4,259
"train",4,277
"train",4,278
"train",4,282
"train",4,308
"train",4,316
"train",4,344
"train",4,363
"train",4,370
"train",4,381
"train",4,408
"train",4,417
"train",4,429
"train",4,447
"train",4,454
"train",4,459
"train",4,464
"train",4,468
"train",4,474
"train",4,480
"train",4,489
"train",4,496
"train",4,524
"train",4,534
"train",4,535
"train",4,544
"train",4,545
"train",4,578
"train",4,579
"train",4,581
"train",4,583
"train",4,591
"train",4,606
"train",4,607
"train",4,625
"train",4,637
"train",4,652
"train",4,656
"train",4,661
"train",4,714
"train",4,725
"train",4,732
"train",4,760
"train",4,766
"train",4,769
"train",4,820
"train",4,823
"train",4,835
"train",4,840
"train",4,841
"train",4,854
"train",4,861
"train",5,3
"train",5,15
"train",5,22
"train",5,26
"train",5,27
"train",5,29
"train",5,89
"train",5,94
"train",5,106
"train",5,119
"train",5,123
"train",5,125
"train",5,132
"train",5,154
"train",5,172
"train",5,175
"train",5,181
"train",5,183
"train",5,186
"train",5,191
"train",5,198
"train",5,199
"train",5,215
"train",5,218
"train",5,222
"train",5,234
"train",5,240
"train",5,241
"train",5,258
"train",5,274
"train",5,280
"train",5,290
"train",5,292
"train",5,293
"train",5,295
"train",5,305
"train",5,310
"train",5,315
"train",5,328
"train",5,334
"train",5,360
"train",5,367
"train",5,376
"train",5,377
"train",5,379
"train",5,384
"train",5,396
"train",5,397
"train",5,406
"train",5,434
"train",5,444
"train",5,452
"train",5,470
"train",5,471
"train",5,476
"train",5,478
"train",5,510
"train",5,518
"train",5,520
"train",5,557
"train",5,561
"train",5,566
"train",5,567
"train",5,572
"train",5,577
"train",5,587
"train",5,588
"train",5,599
"train",5,601
"train",5,610
"train",5,613
"train",5,621
"train",5,622
"train",5,634
"train",5,638
"train",5,640
"train",5,646
"train",5,649
"train",5,658
"train",5,680
"train",5,689
"train",5,690
"train",5,698
"train",5,701
"train",5,703
"train",5,709
"train",5,722
"train",5,729
"train",5,745
"train",5,749
"train",5,751
"train",5,752
"train",5,791
"train",5,802
"train",5,803
"train",5,813
"train",5,830
"train",5,837
"train",5,843
"train",5,844
"train",5,849
"train",5,855
"train",5,862
"train",5,864
"train",5,868
"train",5,873
"train",5,11
"train",5,17
"train",5,24
"train",5,30
"train",5,43
"train",5,54
"train",5,61
"train",5,72
"train",5,74
"train",5,75
"train",5,92
"train",5,95
"train",5,97
"train",5,107
"train",5,108
"train",5,114
"train",5,147
"train",5,150
"train",5,156
"train",5,160
"train",5,170
"train",5,176
"train",5,216
"train",5,219
"train",5,221
"train",5,243
"train",5,249
"train",5,250
"train",5,252
"train",5,255
"train",5,260
"train",5,267
"train",5,279
"train",5,291
"train",5,301
"train",5,302
"train",5,313
"train",5,321
"train",5,322
"train",5,330
"train",5,335
"train",5,336
"train",5,339
"train",5,346
"train",5,362
"train",5,369
"train",5,374
"train",5,382
"train",5,385
"train",5,398
"train",5,422
"train",5,427
"train",5,431
"train",5,432
"train",5,440
"train",5,442
"train",5,446
"train",5,449
"train",5,450
"train",5,451
"train",5,467
"train",5,481
"train",5,483
"train",5,486
"train",5,497
"train",5,509
"train",5,526
"train",5,560
"train",5,571
"train",5,573
"train",5,576
"train",5,592
"train",5,623
"train",5,628
"train",5,636
"train",5,654
"train",5,670
"train",5,672
"train",5,673
"train",5,676
"train",5,679
"train",5,685
"train",5,693
"train",5,699
"train",5,710
"train",5,711
"train",5,718
"train",5,736
"train",5,744
"train",5,753
"train",5,759
"train",5,761
"train",5,770
"train",5,772
"train",5,773
"train",5,774
"train",5,781
"train",5,786
"train",5,799
"train",5,801
"train",5,804
"train",5,846
"train",5,850
"train",5,863
"train",5,869
"train",5,876
"train",5,8
"train",5,13
"train",5,16
"train",5,19
"train",5,23
"train",5,32
"train",5,39
"train",5,40
"train",5,44
"train",5,48
"train",5,52
"train",5,56
"train",5,57
"train",5,66
"train",5,84
"train",5,116
"train",5,122
"train",5,124
"train",5,129
"train",5,152
"train",5,165
"train",5,177
"train",5,187
"train",5,197
"train",5,205
"train",5,206
"train",5,210
"train",5,213
"train",5,236
"train",5,253
"train",5,265
"train",5,270
"train",5,298
"train",5,303
"train",5,304
"train",5,325
"train",5,331
"train",5,342
"train",5,343
"train",5,352
"train",5,357
"train",5,359
"train",5,366
"train",5,378
"train",5,388
"train",5,389
"train",5,400
"train",5,407
"train",5,414
"train",5,415
"train",5,416
"train",5,425
"train",5,430
"train",5,435
"train",5,458
"train",5,475
"train",5,491
"train",5,500
"train",5,501
"train",5,508
"train",5,513
"train",5,514
"train",5,515
"train",5,519
"train",5,522
"train",5,523
"train",5,532
"train",5,533
"train",5,537
"train",5,551
"train",5,556
"train",5,564
"train",5,570
"train",5,594
"train",5,596
"train",5,617
"train",5,629
"train",5,630
"train",5,633
"train",5,653
"train",5,660
"train",5,664
"train",5,674
"train",5,686
"train",5,688
"train",5,708
"train",5,719
"train",5,737
"train",5,741
"train",5,750
"train",5,762
"train",5,768
"train",5,771
"train",5,796
"train",5,797
"train",5,805
"train",5,809
"train",5,811
"train",5,817
"train",5,821
"train",5,832
"train",5,838
"train",5,847
"train",5,857
"train",5,872
"train",5,875
"train",5,6
"train",5,7
"train",5,9
"train",5,12
"train",5,36
"train",5,47
"train",5,65
"train",5,67
"train",5,71
"train",5,87
"train",5,90
"train",5,96
"train",5,99
"train",5,112
"train",5,113
"train",5,117
"train",5,118
"train",5,121
"train",5,139
"train",5,140
"train",5,141
"train",5,144
"train",5,149
"train",5,155
"train",5,167
"train",5,168
"train",5,174
"train",5,179
"train",5,211
"train",5,223
"train",5,225
"train",5,226
"train",5,244
"train",5,247
"train",5,262
"train",5,263
"train",5,271
"train",5,273
"train",5,275
"train",5,281
"train",5,286
"train",5,287
"train",5,323
"train",5,338
"train",5,353
"train",5,355
"train",5,358
"train",5,364
"train",5,365
"train",5,386
"train",5,392
"train",5,399
"train",5,404
"train",5,426
"train",5,428
"train",5,436
"train",5,439
"train",5,441
"train",5,443
"train",5,461
"train",5,463
"train",5,482
"train",5,488
"train",5,490
"train",5,495
"train",5,503
"train",5,504
"train",5,505
"train",5,506
"train",5,511
"train",5,541
"train",5,542
"train",5,550
"train",5,552
"train",5,586
"train",5,605
"train",5,608
"train",5,611
"train",5,615
"train",5,626
"train",5,632
"train",5,639
"train",5,644
"train",5,675
"train",5,682
"train",5,684
"train",5,702
"train",5,705
"train",5,712
"train",5,723
"train",5,731
"train",5,789
"train",5,792
"train",5,800
"train",5,806
"train",5,814
"train",5,816
"train",5,824
"train",5,831
"train",5,834
"train",5,836
"train",5,845
"train",5,848
"train",5,859
"train",5,866
"train",5,874
"train",5,38
"train",5,51
"train",5,53
"train",5,63
"train",5,69
"train",5,77
"train",5,79
"train",5,136
"train",5,148
"train",5,157
"train",5,158
"train",5,171
"train",5,200
"train",5,207
"train",5,209
"train",5,227
"train",5,237
"train",5,288
"train",5,307
"train",5,319
"train",5,320
"train",5,345
"train",5,347
"train",5,348
"train",5,372
"train",5,375
"train",5,383
"train",5,387
"train",5,390
"train",5,394
"train",5,409
"train",5,420
"train",5,423
"train",5,437
"train",5,438
"train",5,456
"train",5,457
"train",5,477
"train",5,494
"train",5,528
"train",5,536
"train",5,546
"train",5,547
"train",5,553
"train",5,574
"train",5,598
"train",5,603
"train",5,609
"train",5,612
"train",5,620
"train",5,641
"train",5,642
"train",5,650
"train",5,651
"train",5,657
"train",5,666
"train",5,677
"train",5,681
"train",5,697
"train",5,716
"train",5,726
"train",5,738
"train",5,740
"train",5,756
"train",5,763
"train",5,780
"train",5,783
"train",5,833
"train",5,853
"train",5,860
"train",5,14
"train",5,62
"train",5,85
"train",5,91
"train",5,100
"train",5,101
"train",5,127
"train",5,133
"train",5,134
"train",5,142
"train",5,143
"train",5,145
"train",5,153
"train",5,178
"train",5,184
"train",5,185
"train",5,195
"train",5,204
"train",5,238
"train",5,242
"train",5,261
"train",5,266
"train",5,299
"train",5,306
"train",5,317
"train",5,340
"train",5,341
"train",5,350
"train",5,351
"train",5,354
"train",5,368
"train",5,401
"train",5,402
"train",5,410
"train",5,460
"train",5,473
"train",5,484
"train",5,485
"train",5,512
"train",5,517
"train",5,539
"train",5,543
"train",5,554
"train",5,565
"train",5,575
"train",5,597
"train",5,614
"train",5,648
"train",5,692
"train",5,704
"train",5,707
"train",5,713
"train",5,717
"train",5,733
"train",5,734
"train",5,743
"train",5,746
"train",5,755
"train",5,757
"train",5,767
"train",5,776
"train",5,779
"train",5,787
"train",5,790
"train",5,798
"train",5,815
"train",5,819
"train",5,822
"train",5,826
"train",5,829
"train",5,10
"train",5,20
"train",5,31
"train",5,34
"train",5,37
"train",5,41
"train",5,49
"train",5,58
"train",5,64
"train",5,78
"train",5,81
"train",5,86
"train",5,88
"train",5,120
"train",5,131
"train",5,135
"train",5,159
"train",5,182
"train",5,233
"train",5,248
"train",5,269
"train",5,272
"train",5,283
"train",5,284
"train",5,285
"train",5,318
"train",5,337
"train",5,373
"train",5,393
"train",5,405
"train",5,411
"train",5,418
"train",5,448
"train",5,462
"train",5,465
"train",5,469
"train",5,479
"train",5,498
"train",5,549
"train",5,555
"train",5,559
"train",5,584
"train",5,589
"train",5,604
"train",5,635
"train",5,643
"train",5,647
"train",5,655
"train",5,662
"train",5,663
"train",5,665
"train",5,667
"train",5,687
"train",5,694
"train",5,696
"train",5,706
"train",5,715
"train",5,721
"train",5,739
"train",5,778
"train",5,785
"train",5,794
"train",5,807
"train",5,810
"train",5,828
"train",5,842
"train",5,852
"train",5,865
"train",5,867
"train",5,4
"train",5,5
"train",5,35
"train",5,42
"train",5,55
"train",5,98
"train",5,103
"train",5,105
"train",5,109
"train",5,115
"train",5,163
"train",5,166
"train",5,173
"train",5,188
"train",5,189
"train",5,196
"train",5,214
"train",5,217
"train",5,235
"train",5,245
"train",5,268
"train",5,289
"train",5,294
"train",5,297
"train",5,300
"train",5,309
"train",5,314
"train",5,324
"train",5,326
"train",5,349
"train",5,371
"train",5,380
"train",5,391
"train",5,403
"train",5,445
"train",5,466
"train",5,487
"train",5,492
"train",5,507
"train",5,521
"train",5,527
"train",5,530
"train",5,531
"train",5,563
"train",5,568
"train",5,582
"train",5,585
"train",5,593
"train",5,595
"train",5,600
"train",5,616
"train",5,619
"train",5,624
"train",5,668
"train",5,669
"train",5,671
"train",5,678
"train",5,727
"train",5,728
"train",5,735
"train",5,747
"train",5,754
"train",5,758
"train",5,764
"train",5,765
"train",5,782
"train",5,784
"train",5,808
"train",5,877
"test",1,3
"test",1,15
"test",1,22
"test",1,26
"test",1,27
"test",1,29
"test",1,89
"test",1,94
"test",1,106
"test",1,119
"test",1,123
"test",1,125
"test",1,132
"test",1,154
"test",1,172
"test",1,175
"test",1,181
"test",1,183
"test",1,186
"test",1,191
"test",1,198
"test",1,199
"test",1,215
"test",1,218
"test",1,222
"test",1,234
"test",1,240
"test",1,241
"test",1,258
"test",1,274
"test",1,280
"test",1,290
"test",1,292
"test",1,293
"test",1,295
"test",1,305
"test",1,310
"test",1,315
"test",1,328
"test",1,334
"test",1,360
"test",1,367
"test",1,376
"test",1,377
"test",1,379
"test",1,384
"test",1,396
"test",1,397
"test",1,406
"test",1,434
"test",1,444
"test",1,452
"test",1,470
"test",1,471
"test",1,476
"test",1,478
"test",1,510
"test",1,518
"test",1,520
"test",1,557
"test",1,561
"test",1,566
"test",1,567
"test",1,572
"test",1,577
"test",1,587
"test",1,588
"test",1,599
"test",1,601
"test",1,610
"test",1,613
"test",1,621
"test",1,622
"test",1,634
"test",1,638
"test",1,640
"test",1,646
"test",1,649
"test",1,658
"test",1,680
"test",1,689
"test",1,690
"test",1,698
"test",1,701
"test",1,703
"test",1,709
"test",1,722
"test",1,729
"test",1,745
"test",1,749
"test",1,751
"test",1,752
"test",1,791
"test",1,802
"test",1,803
"test",1,813
"test",1,830
"test",1,837
"test",1,843
"test",1,844
"test",1,849
"test",1,855
"test",1,862
"test",1,864
"test",1,868
"test",1,873
"test",1,38
"test",1,51
"test",1,53
"test",1,63
"test",1,69
"test",1,77
"test",1,79
"test",1,136
"test",1,148
"test",1,157
"test",1,158
"test",1,171
"test",1,200
"test",1,207
"test",1,209
"test",1,227
"test",1,237
"test",1,288
"test",1,307
"test",1,319
"test",1,320
"test",1,345
"test",1,347
"test",1,348
"test",1,372
"test",1,375
"test",1,383
"test",1,387
"test",1,390
"test",1,394
"test",1,409
"test",1,420
"test",1,423
"test",1,437
"test",1,438
"test",1,456
"test",1,457
"test",1,477
"test",1,494
"test",1,528
"test",1,536
"test",1,546
"test",1,547
"test",1,553
"test",1,574
"test",1,598
"test",1,603
"test",1,609
"test",1,612
"test",1,620
"test",1,641
"test",1,642
"test",1,650
"test",1,651
"test",1,657
"test",1,666
"test",1,677
"test",1,681
"test",1,697
"test",1,716
"test",1,726
"test",1,738
"test",1,740
"test",1,756
"test",1,763
"test",1,780
"test",1,783
"test",1,833
"test",1,853
"test",1,860
"test",2,11
"test",2,17
"test",2,24
"test",2,30
"test",2,43
"test",2,54
"test",2,61
"test",2,72
"test",2,74
"test",2,75
"test",2,92
"test",2,95
"test",2,97
"test",2,107
"test",2,108
"test",2,114
"test",2,147
"test",2,150
"test",2,156
"test",2,160
"test",2,170
"test",2,176
"test",2,216
"test",2,219
"test",2,221
"test",2,243
"test",2,249
"test",2,250
"test",2,252
"test",2,255
"test",2,260
"test",2,267
"test",2,279
"test",2,291
"test",2,301
"test",2,302
"test",2,313
"test",2,321
"test",2,322
"test",2,330
"test",2,335
"test",2,336
"test",2,339
"test",2,346
"test",2,362
"test",2,369
"test",2,374
"test",2,382
"test",2,385
"test",2,398
"test",2,422
"test",2,427
"test",2,431
"test",2,432
"test",2,440
"test",2,442
"test",2,446
"test",2,449
"test",2,450
"test",2,451
"test",2,467
"test",2,481
"test",2,483
"test",2,486
"test",2,497
"test",2,509
"test",2,526
"test",2,560
"test",2,571
"test",2,573
"test",2,576
"test",2,592
"test",2,623
"test",2,628
"test",2,636
"test",2,654
"test",2,670
"test",2,672
"test",2,673
"test",2,676
"test",2,679
"test",2,685
"test",2,693
"test",2,699
"test",2,710
"test",2,711
"test",2,718
"test",2,736
"test",2,744
"test",2,753
"test",2,759
"test",2,761
"test",2,770
"test",2,772
"test",2,773
"test",2,774
"test",2,781
"test",2,786
"test",2,799
"test",2,801
"test",2,804
"test",2,846
"test",2,850
"test",2,863
"test",2,869
"test",2,876
"test",2,14
"test",2,62
"test",2,85
"test",2,91
"test",2,100
"test",2,101
"test",2,127
"test",2,133
"test",2,134
"test",2,142
"test",2,143
"test",2,145
"test",2,153
"test",2,178
"test",2,184
"test",2,185
"test",2,195
"test",2,204
"test",2,238
"test",2,242
"test",2,261
"test",2,266
"test",2,299
"test",2,306
"test",2,317
"test",2,340
"test",2,341
"test",2,350
"test",2,351
"test",2,354
"test",2,368
"test",2,401
"test",2,402
"test",2,410
"test",2,460
"test",2,473
"test",2,484
"test",2,485
"test",2,512
"test",2,517
"test",2,539
"test",2,543
"test",2,554
"test",2,565
"test",2,575
"test",2,597
"test",2,614
"test",2,648
"test",2,692
"test",2,704
"test",2,707
"test",2,713
"test",2,717
"test",2,733
"test",2,734
"test",2,743
"test",2,746
"test",2,755
"test",2,757
"test",2,767
"test",2,776
"test",2,779
"test",2,787
"test",2,790
"test",2,798
"test",2,815
"test",2,819
"test",2,822
"test",2,826
"test",2,829
"test",3,8
"test",3,13
"test",3,16
"test",3,19
"test",3,23
"test",3,32
"test",3,39
"test",3,40
"test",3,44
"test",3,48
"test",3,52
"test",3,56
"test",3,57
"test",3,66
"test",3,84
"test",3,116
"test",3,122
"test",3,124
"test",3,129
"test",3,152
"test",3,165
"test",3,177
"test",3,187
"test",3,197
"test",3,205
"test",3,206
"test",3,210
"test",3,213
"test",3,236
"test",3,253
"test",3,265
"test",3,270
"test",3,298
"test",3,303
"test",3,304
"test",3,325
"test",3,331
"test",3,342
"test",3,343
"test",3,352
"test",3,357
"test",3,359
"test",3,366
"test",3,378
"test",3,388
"test",3,389
"test",3,400
"test",3,407
"test",3,414
"test",3,415
"test",3,416
"test",3,425
"test",3,430
"test",3,435
"test",3,458
"test",3,475
"test",3,491
"test",3,500
"test",3,501
"test",3,508
"test",3,513
"test",3,514
"test",3,515
"test",3,519
"test",3,522
"test",3,523
"test",3,532
"test",3,533
"test",3,537
"test",3,551
"test",3,556
"test",3,564
"test",3,570
"test",3,594
"test",3,596
"test",3,617
"test",3,629
"test",3,630
"test",3,633
"test",3,653
"test",3,660
"test",3,664
"test",3,674
"test",3,686
"test",3,688
"test",3,708
"test",3,719
"test",3,737
"test",3,741
"test",3,750
"test",3,762
"test",3,768
"test",3,771
"test",3,796
"test",3,797
"test",3,805
"test",3,809
"test",3,811
"test",3,817
"test",3,821
"test",3,832
"test",3,838
"test",3,847
"test",3,857
"test",3,872
"test",3,875
"test",3,10
"test",3,20
"test",3,31
"test",3,34
"test",3,37
"test",3,41
"test",3,49
"test",3,58
"test",3,64
"test",3,78
"test",3,81
"test",3,86
"test",3,88
"test",3,120
"test",3,131
"test",3,135
"test",3,159
"test",3,182
"test",3,233
"test",3,248
"test",3,269
"test",3,272
"test",3,283
"test",3,284
"test",3,285
"test",3,318
"test",3,337
"test",3,373
"test",3,393
"test",3,405
"test",3,411
"test",3,418
"test",3,448
"test",3,462
"test",3,465
"test",3,469
"test",3,479
"test",3,498
"test",3,549
"test",3,555
"test",3,559
"test",3,584
"test",3,589
"test",3,604
"test",3,635
"test",3,643
"test",3,647
"test",3,655
"test",3,662
"test",3,663
"test",3,665
"test",3,667
"test",3,687
"test",3,694
"test",3,696
"test",3,706
"test",3,715
"test",3,721
"test",3,739
"test",3,778
"test",3,785
"test",3,794
"test",3,807
"test",3,810
"test",3,828
"test",3,842
"test",3,852
"test",3,865
"test",3,867
"test",4,6
"test",4,7
"test",4,9
"test",4,12
"test",4,36
"test",4,47
"test",4,65
"test",4,67
"test",4,71
"test",4,87
"test",4,90
"test",4,96
"test",4,99
"test",4,112
"test",4,113
"test",4,117
"test",4,118
"test",4,121
"test",4,139
"test",4,140
"test",4,141
"test",4,144
"test",4,149
"test",4,155
"test",4,167
"test",4,168
"test",4,174
"test",4,179
"test",4,211
"test",4,223
"test",4,225
"test",4,226
"test",4,244
"test",4,247
"test",4,262
"test",4,263
"test",4,271
"test",4,273
"test",4,275
"test",4,281
"test",4,286
"test",4,287
"test",4,323
"test",4,338
"test",4,353
"test",4,355
"test",4,358
"test",4,364
"test",4,365
"test",4,386
"test",4,392
"test",4,399
"test",4,404
"test",4,426
"test",4,428
"test",4,436
"test",4,439
"test",4,441
"test",4,443
"test",4,461
"test",4,463
"test",4,482
"test",4,488
"test",4,490
"test",4,495
"test",4,503
"test",4,504
"test",4,505
"test",4,506
"test",4,511
"test",4,541
"test",4,542
"test",4,550
"test",4,552
"test",4,586
"test",4,605
"test",4,608
"test",4,611
"test",4,615
"test",4,626
"test",4,632
"test",4,639
"test",4,644
"test",4,675
"test",4,682
"test",4,684
"test",4,702
"test",4,705
"test",4,712
"test",4,723
"test",4,731
"test",4,789
"test",4,792
"test",4,800
"test",4,806
"test",4,814
"test",4,816
"test",4,824
"test",4,831
"test",4,834
"test",4,836
"test",4,845
"test",4,848
"test",4,859
"test",4,866
"test",4,874
"test",4,4
"test",4,5
"test",4,35
"test",4,42
"test",4,55
"test",4,98
"test",4,103
"test",4,105
"test",4,109
"test",4,115
"test",4,163
"test",4,166
"test",4,173
"test",4,188
"test",4,189
"test",4,196
"test",4,214
"test",4,217
"test",4,235
"test",4,245
"test",4,268
"test",4,289
"test",4,294
"test",4,297
"test",4,300
"test",4,309
"test",4,314
"test",4,324
"test",4,326
"test",4,349
"test",4,371
"test",4,380
"test",4,391
"test",4,403
"test",4,445
"test",4,466
"test",4,487
"test",4,492
"test",4,507
"test",4,521
"test",4,527
"test",4,530
"test",4,531
"test",4,563
"test",4,568
"test",4,582
"test",4,585
"test",4,593
"test",4,595
"test",4,600
"test",4,616
"test",4,619
"test",4,624
"test",4,668
"test",4,669
"test",4,671
"test",4,678
"test",4,727
"test",4,728
"test",4,735
"test",4,747
"test",4,754
"test",4,758
"test",4,764
"test",4,765
"test",4,782
"test",4,784
"test",4,808
"test",4,877
"test",5,1
"test",5,2
"test",5,21
"test",5,25
"test",5,28
"test",5,33
"test",5,59
"test",5,60
"test",5,68
"test",5,70
"test",5,80
"test",5,82
"test",5,83
"test",5,93
"test",5,102
"test",5,104
"test",5,126
"test",5,128
"test",5,151
"test",5,162
"test",5,164
"test",5,169
"test",5,180
"test",5,190
"test",5,192
"test",5,193
"test",5,194
"test",5,201
"test",5,202
"test",5,203
"test",5,208
"test",5,220
"test",5,224
"test",5,228
"test",5,231
"test",5,232
"test",5,239
"test",5,246
"test",5,251
"test",5,254
"test",5,257
"test",5,264
"test",5,276
"test",5,296
"test",5,311
"test",5,312
"test",5,327
"test",5,329
"test",5,332
"test",5,333
"test",5,356
"test",5,361
"test",5,395
"test",5,412
"test",5,413
"test",5,419
"test",5,421
"test",5,424
"test",5,433
"test",5,453
"test",5,455
"test",5,472
"test",5,493
"test",5,499
"test",5,502
"test",5,516
"test",5,525
"test",5,529
"test",5,538
"test",5,540
"test",5,548
"test",5,558
"test",5,562
"test",5,569
"test",5,580
"test",5,590
"test",5,602
"test",5,618
"test",5,627
"test",5,631
"test",5,645
"test",5,659
"test",5,683
"test",5,691
"test",5,695
"test",5,700
"test",5,720
"test",5,724
"test",5,730
"test",5,742
"test",5,748
"test",5,775
"test",5,777
"test",5,788
"test",5,793
"test",5,795
"test",5,812
"test",5,818
"test",5,825
"test",5,827
"test",5,839
"test",5,851
"test",5,856
"test",5,858
"test",5,870
"test",5,871
"test",5,18
"test",5,45
"test",5,46
"test",5,50
"test",5,73
"test",5,76
"test",5,110
"test",5,111
"test",5,130
"test",5,137
"test",5,138
"test",5,146
"test",5,161
"test",5,212
"test",5,229
"test",5,230
"test",5,256
"test",5,259
"test",5,277
"test",5,278
"test",5,282
"test",5,308
"test",5,316
"test",5,344
"test",5,363
"test",5,370
"test",5,381
"test",5,408
"test",5,417
"test",5,429
"test",5,447
"test",5,454
"test",5,459
"test",5,464
"test",5,468
"test",5,474
"test",5,480
"test",5,489
"test",5,496
"test",5,524
"test",5,534
"test",5,535
"test",5,544
"test",5,545
"test",5,578
"test",5,579
"test",5,581
"test",5,583
"test",5,591
"test",5,606
"test",5,607
"test",5,625
"test",5,637
"test",5,652
"test",5,656
"test",5,661
"test",5,714
"test",5,725
"test",5,732
"test",5,760
"test",5,766
"test",5,769
"test",5,820
"test",5,823
"test",5,835
"test",5,840
"test",5,841
"test",5,854
"test",5,861
